,24h_volume_usd,available_supply,id,last_updated,market_cap_usd,max_supply,name,percent_change_1h,percent_change_24h,percent_change_7d,price_btc,price_usd,rank,symbol,total_supply,Pred
0,1262,453,128,69,1031,29,145,268,715,684,889,1214,0,181,406,1
1,1260,719,455,68,1030,124,441,241,378,313,880,1205,1,423,656,1
2,1259,455,130,93,1029,29,147,375,328,340,885,1210,2,107,408,1
3,1261,939,664,86,1028,107,609,128,1076,1163,790,1115,3,714,923,0
4,1252,983,1005,56,1027,122,976,309,389,227,466,789,4,1257,1005,0
5,1251,311,331,57,1026,25,333,349,402,582,882,1207,5,300,270,1
6,1256,640,723,57,1025,51,699,242,541,462,864,1189,6,671,576,0
7,1248,451,132,97,1024,29,150,194,246,266,876,1201,7,191,407,1
8,1257,432,789,59,1023,124,763,147,934,919,875,1200,8,1239,385,0
9,1239,976,236,94,1022,119,239,232,322,304,361,678,9,24,988,1
10,1255,723,457,71,1021,124,443,240,395,307,846,1171,10,421,658,1
11,1230,956,816,74,1020,124,784,204,498,642,485,808,11,1225,952,0
12,1253,868,442,85,1019,124,396,401,960,1027,783,1109,12,411,877,1
13,1243,662,817,73,1018,124,785,350,278,399,854,1179,13,758,668,0
14,1254,967,1108,64,1017,124,1078,121,1007,961,369,687,14,1235,1009,0
15,1245,643,788,59,1016,124,760,557,1089,1161,837,1162,15,726,581,0
16,1228,193,144,77,1015,35,134,302,621,652,877,1202,16,103,284,1
17,1240,756,720,68,1014,124,693,338,427,656,813,1138,17,669,700,0
18,1250,182,1306,74,1013,124,1275,188,757,370,878,1203,18,1282,151,0
19,1238,735,854,87,1012,124,826,203,266,466,816,1141,19,799,719,0
20,1249,679,964,83,1011,124,934,290,214,214,824,1149,20,910,673,0
21,1258,896,1158,64,1010,124,1128,273,505,394,653,978,21,1139,860,0
22,1235,730,1265,71,1009,124,1231,332,363,759,803,1128,22,1180,668,0
23,1232,725,1115,74,1008,124,1084,365,298,675,802,1127,23,1037,661,0
24,1091,598,925,86,1007,44,900,224,857,950,830,1155,24,871,574,0
25,1242,602,613,89,1006,51,593,279,225,185,827,1152,25,562,548,1
26,1194,903,60,73,1005,96,63,352,301,966,585,910,26,66,873,1
27,1218,937,163,60,1004,108,139,477,759,553,427,748,27,195,922,1
28,1174,995,221,75,1003,123,215,126,523,814,39,187,28,108,1013,1
29,1225,721,64,83,1002,124,67,284,435,813,776,1101,29,70,712,1
30,1241,904,842,56,1001,98,813,408,292,1081,532,857,30,785,874,0
31,1234,599,1239,58,1000,51,1209,217,228,1004,811,1136,31,1174,546,0
32,1168,378,79,67,998,124,78,233,270,621,850,1175,32,930,337,1
33,1140,289,342,68,997,124,342,324,198,273,860,1185,33,310,250,1
34,1169,816,1106,70,996,124,1076,374,216,718,687,1012,34,1033,779,0
35,1215,839,960,102,995,124,930,145,505,93,643,968,35,899,877,0
36,1195,737,693,76,994,124,664,280,211,433,755,1080,36,634,680,0
37,1247,808,415,58,993,124,409,374,1061,1156,693,1018,37,402,760,1
38,1211,632,1032,93,992,124,997,189,277,916,796,1121,38,961,704,0
39,1070,152,1235,83,991,124,1205,336,877,891,870,1195,39,1150,668,0
40,1188,991,375,57,990,124,371,394,478,563,42,197,40,341,1010,1
41,1226,979,1057,66,989,124,1032,409,372,893,88,322,41,965,989,0
42,1177,897,570,80,988,124,553,240,314,459,511,835,42,519,877,1
43,1153,855,746,59,987,124,721,429,628,658,598,923,43,684,813,0
44,1176,642,911,68,986,124,843,195,264,741,785,1111,44,846,580,0
45,1210,739,1152,85,985,124,1122,354,262,363,739,1064,45,822,752,0
46,1236,727,108,87,984,124,119,124,328,794,735,1060,46,152,746,1
47,1217,942,1104,85,983,124,1074,308,358,775,289,603,47,1012,946,0
48,1231,840,931,97,982,124,904,392,295,588,605,930,48,868,877,0
49,1221,521,1263,94,981,55,1230,322,182,968,812,1137,49,1201,607,0
50,1186,335,485,66,980,124,471,292,419,409,843,1168,50,448,289,1
51,1109,149,367,69,979,124,365,251,185,335,865,1190,51,324,121,1
52,1222,869,1138,61,978,93,1106,324,563,864,531,856,52,1054,832,0
53,1193,905,92,82,977,124,105,169,329,404,440,761,53,97,905,1
54,1233,649,1035,89,976,124,1012,228,931,1141,761,1086,54,962,636,0
55,1088,520,478,96,975,124,460,452,614,177,805,1130,55,1266,927,0
56,892,109,141,63,974,124,159,218,308,412,869,1194,56,183,89,1
57,1220,771,699,92,973,124,670,172,227,637,684,1009,57,635,759,0
58,1054,68,219,76,972,124,213,379,417,396,874,1199,58,504,74,1
59,938,614,309,94,971,70,307,246,804,1007,770,1095,59,254,684,1
60,1224,207,1309,74,970,124,1272,347,894,598,858,1183,60,1272,172,0
61,1171,902,222,88,969,124,216,526,988,914,416,736,61,192,901,1
62,1227,827,1229,90,968,124,1199,412,864,1111,594,919,62,1149,862,0
63,1100,331,542,86,967,55,530,201,242,319,835,1160,63,496,346,1
64,1092,728,631,75,966,124,611,184,349,454,697,1022,64,578,664,1
65,1075,791,955,64,965,81,926,329,997,927,635,960,65,891,736,0
66,1213,986,1190,91,964,124,1111,215,669,306,39,186,66,1104,1006,0
67,1200,957,356,57,963,124,354,373,345,624,130,405,67,321,954,1
68,1151,98,560,82,962,124,544,310,248,629,867,1192,68,518,315,1
69,1206,630,979,100,961,124,954,82,149,100,747,1072,69,924,668,0
70,1141,659,537,62,960,124,525,205,312,390,726,1051,70,493,599,1
71,1056,815,25,82,959,124,33,193,286,403,590,915,71,33,784,1
72,1244,374,786,86,958,124,761,220,154,1032,821,1146,72,698,510,0
73,1107,948,529,85,957,124,509,229,273,478,200,501,73,481,961,1
74,1185,838,262,92,956,124,260,365,169,522,519,843,74,290,877,1
75,1077,248,185,62,955,124,188,270,244,406,841,1166,75,144,205,1
76,1223,653,814,59,954,124,783,508,976,998,717,1042,76,753,593,0
77,1199,477,766,86,953,124,741,207,188,537,793,1118,77,740,605,0
78,1159,865,0,89,952,124,0,334,548,444,458,779,78,1295,877,1
79,982,187,777,97,951,26,752,273,139,905,852,1177,79,722,230,0
80,1205,888,1116,100,950,124,1085,532,1048,897,410,729,80,302,872,0
81,1079,685,468,87,949,124,451,127,346,348,694,1019,81,425,766,1
82,1187,595,90,85,948,124,103,323,274,387,745,1070,82,153,629,1
83,1165,962,1233,62,947,114,1203,195,336,719,78,292,83,1269,967,0
84,1207,839,250,92,946,124,250,434,969,1048,491,814,84,658,877,1
85,1212,697,409,81,945,124,406,463,139,979,677,1002,85,379,717,1
86,1178,593,589,86,944,55,522,249,259,174,738,1063,86,541,668,1
87,1204,741,1112,85,943,124,1081,212,190,788,645,970,87,1036,810,0
88,1246,807,1304,90,942,98,1264,531,1095,1185,566,892,88,1278,787,0
89,1157,810,930,57,941,83,903,361,712,935,558,884,89,867,762,0
90,1180,641,831,64,940,124,803,385,316,836,716,1041,90,784,579,0
91,927,274,1066,80,939,55,1038,472,779,1059,828,1153,91,995,481,0
92,1173,575,769,84,938,55,744,246,213,92,742,1067,92,427,582,0
93,1130,879,1061,73,937,124,1034,147,176,401,388,706,93,1009,877,0
94,1167,812,1120,92,936,124,1088,174,528,565,525,850,94,1043,797,0
95,1138,586,1200,61,935,124,1172,341,352,694,728,1053,95,1115,536,0
96,1126,173,290,57,934,124,286,158,877,664,849,1174,96,1216,144,1
97,1128,831,13,90,933,98,22,350,868,848,483,806,97,23,877,1
98,872,795,983,93,932,98,946,246,918,1063,557,883,98,934,863,0
99,1147,165,1311,85,931,29,1277,132,251,401,851,1176,99,1284,135,0
100,1175,673,582,59,930,57,564,238,226,1045,669,994,100,531,606,1
101,1192,648,20,86,929,55,25,389,255,378,686,1011,101,31,668,1
102,884,823,737,75,928,124,708,259,504,255,488,811,102,662,893,0
103,1197,830,731,91,927,124,703,237,157,738,480,802,103,668,900,0
104,1137,517,891,56,926,124,868,202,184,257,756,1081,104,869,475,0
105,1039,312,879,88,925,124,856,223,501,449,815,1140,105,819,290,0
106,1155,907,119,63,924,124,129,345,147,460,292,606,106,98,881,1
107,1219,883,965,101,923,124,935,166,221,303,350,666,107,908,871,0
108,1201,929,1028,68,922,105,1006,524,1070,1148,210,511,108,959,917,0
109,1214,860,1004,102,921,124,975,297,232,492,372,690,109,922,875,0
110,800,638,486,58,920,124,472,154,396,611,676,1001,110,440,573,1
111,1098,558,56,81,919,124,60,219,202,280,725,1050,111,57,539,1
112,980,722,781,84,918,124,755,263,347,586,601,926,112,710,668,0
113,1042,637,967,82,917,57,937,319,425,613,674,999,113,907,600,0
114,1196,886,995,96,916,124,967,356,243,873,326,641,114,931,876,0
115,1049,769,978,78,915,62,953,486,903,1093,563,889,115,1253,718,0
116,1058,798,996,98,914,84,968,130,900,904,507,831,116,913,821,0
117,1067,797,494,56,913,79,479,222,189,298,504,828,117,477,738,1
118,1055,710,1276,78,912,124,1242,202,480,566,603,928,118,1193,668,0
119,1152,507,1240,60,911,31,1210,331,591,863,740,1065,119,1152,463,0
120,1139,932,340,91,910,124,340,85,929,925,185,479,120,685,924,1
121,1161,730,763,80,909,124,738,302,595,1140,589,914,121,706,668,0
122,915,821,268,93,908,124,267,414,740,1017,453,774,122,256,877,1
123,836,945,77,93,907,124,16,39,150,166,130,406,123,79,955,1
124,770,1000,688,95,906,124,659,241,786,689,18,38,124,631,1023,0
125,992,443,662,62,905,124,602,236,401,236,762,1087,125,601,396,1
126,1047,714,696,96,904,124,667,502,344,635,591,916,126,626,737,0
127,919,699,888,94,903,64,863,246,265,316,599,924,127,870,729,0
128,1170,692,1009,83,902,124,1316,458,117,555,604,929,128,941,642,0
129,1104,842,1085,83,901,124,1004,321,515,607,387,705,129,1010,812,0
130,1002,403,815,91,900,124,792,260,750,895,773,1098,130,757,365,0
131,993,422,22,65,899,124,30,84,204,270,767,1092,131,34,373,1
132,975,229,859,95,898,55,830,359,128,68,820,1145,132,812,635,0
133,1143,683,439,94,897,124,429,529,570,882,608,933,133,406,723,1
134,397,998,495,57,896,124,480,356,1114,1071,21,53,134,1077,1016,0
135,1208,751,1007,71,895,124,978,358,133,765,548,873,135,938,698,0
136,964,597,430,61,894,124,422,374,737,716,671,996,136,401,544,1
137,1094,581,759,82,893,124,710,69,227,1134,680,1005,137,696,668,0
138,1063,715,1194,80,892,55,1236,499,679,755,577,902,138,1101,668,0
139,1229,736,555,66,891,124,539,120,1079,1149,555,881,139,507,679,1
140,1018,713,67,80,890,124,70,221,385,294,576,901,140,1205,696,1
141,1237,794,648,100,889,98,626,117,816,943,476,798,141,596,877,0
142,1027,63,761,78,888,124,736,315,296,311,861,1186,142,716,57,0
143,1103,837,270,89,887,124,268,178,119,497,373,691,143,235,825,1
144,1102,635,338,75,886,124,323,331,141,447,637,962,144,312,613,1
145,868,17,676,65,885,124,647,413,1071,994,883,1208,145,618,74,1
146,1164,424,811,56,884,124,789,183,940,669,752,1077,146,769,375,0
147,1061,889,894,73,883,124,871,528,989,1068,274,583,147,832,849,0
148,1158,440,1058,65,882,124,1000,517,615,951,744,1069,148,984,392,0
149,1145,686,172,64,881,124,175,539,1112,1190,586,911,149,1292,621,1
150,1156,873,275,89,880,124,273,362,1031,1055,293,608,150,231,877,1
151,1082,601,26,65,879,124,34,239,146,1034,648,973,151,37,547,1
152,1026,819,1271,59,878,124,1238,246,958,1124,408,727,152,1271,772,0
153,1148,778,31,94,877,124,39,182,438,594,482,805,153,75,825,1
154,1132,258,266,61,876,124,264,292,650,554,807,1132,154,244,212,1
155,1078,978,989,58,875,124,961,430,285,528,32,155,155,923,986,0
156,1127,910,1169,102,874,124,1138,334,692,795,216,519,156,1084,939,0
157,1089,705,502,73,873,124,486,335,181,309,559,885,157,3,654,1
158,1154,458,782,95,872,34,756,281,442,239,730,1056,158,723,493,0
159,1209,806,1253,75,871,70,1220,380,155,1120,424,744,159,1165,756,0
160,1087,912,1318,94,870,124,1284,293,466,581,207,508,160,1296,940,0
161,1189,851,1166,91,869,124,1136,192,252,359,311,626,161,1085,877,0
162,1114,752,714,71,868,124,673,406,148,542,499,823,162,645,828,0
163,1203,677,852,63,867,57,819,326,123,771,569,894,163,797,614,0
164,990,841,585,58,866,124,567,153,695,461,330,645,164,768,815,0
165,972,169,354,56,865,124,353,153,801,797,825,1150,165,337,142,1
166,862,813,905,88,864,124,881,248,340,439,401,720,166,854,855,0
167,1011,322,1140,79,863,124,1112,249,601,385,777,1102,167,1055,280,0
168,676,79,1125,61,862,124,1093,413,306,187,855,1180,168,1130,62,0
169,1073,468,663,70,861,124,608,114,658,696,715,1040,169,602,472,1
170,759,587,579,98,860,124,561,246,404,232,628,953,170,528,787,1
171,1142,590,188,89,859,124,190,161,562,1089,623,948,171,1079,595,1
172,1123,139,145,84,858,124,161,155,88,50,833,1158,172,199,404,1
173,1133,555,1187,74,857,124,1155,478,341,322,649,974,173,1098,513,0
174,1191,372,414,94,856,124,408,93,983,840,750,1075,174,380,647,1
175,966,805,835,72,855,124,805,439,297,95,396,714,175,767,751,0
176,1183,684,588,80,854,124,731,285,224,1084,537,862,176,539,662,1
177,1064,383,1054,66,853,124,1029,382,613,744,743,1068,177,981,343,0
178,1081,110,839,84,852,29,812,233,145,915,840,1165,178,770,129,0
179,1059,670,247,89,851,124,247,340,208,241,552,878,179,285,660,1
180,817,373,196,60,850,24,197,296,662,1099,748,1073,180,100,329,1
181,967,922,260,95,849,124,258,319,486,475,163,446,181,250,913,1
182,1084,687,174,58,848,124,176,386,342,666,530,855,182,142,623,1
183,1135,879,371,89,847,124,1300,227,201,519,255,562,183,340,877,0
184,791,935,159,91,846,124,1299,475,161,413,108,360,184,162,955,1
185,991,764,1288,63,845,124,1260,371,290,643,459,781,185,1207,711,0
186,984,442,300,62,844,124,296,212,806,742,712,1037,186,277,395,1
187,1095,716,708,65,843,98,674,300,616,469,492,815,187,652,677,0
188,1125,588,72,91,842,78,14,411,218,289,612,937,188,77,571,1
189,1080,708,417,84,841,124,411,197,156,375,505,829,189,1224,668,0
190,1182,274,85,91,840,124,84,81,1037,964,781,1107,190,88,315,1
191,677,671,887,100,839,124,865,246,572,948,535,860,191,824,723,0
192,1020,777,42,96,838,124,49,273,319,238,439,760,192,50,798,1
193,934,675,149,94,837,124,135,303,607,918,528,853,193,281,668,1
194,1090,480,783,94,835,124,757,255,305,282,689,1014,194,701,427,0
195,864,850,1072,87,834,110,1044,379,583,366,279,592,195,1003,883,0
196,1166,284,1182,65,833,124,1150,137,642,1070,775,1100,196,1110,240,0
197,1105,213,547,99,832,124,532,230,729,726,801,1126,197,540,193,1
198,861,60,632,96,831,124,607,332,811,259,857,1182,198,582,46,1
199,1106,698,1136,67,830,124,1104,90,183,558,494,817,199,53,870,0
200,1163,784,1242,94,829,124,1211,238,172,592,403,722,200,1153,747,0
201,1045,514,1174,81,828,124,1143,387,713,111,660,985,201,1080,502,0
202,1122,785,616,83,827,95,595,381,129,869,400,719,202,556,739,1
203,901,770,1211,98,826,124,1179,278,522,518,429,750,203,1121,877,0
204,999,179,263,60,825,124,261,297,666,532,814,1139,204,242,398,1
205,1009,847,580,63,824,124,562,379,635,549,278,590,205,526,801,1
206,958,793,148,87,823,78,164,108,382,98,376,694,206,112,763,1
207,1101,93,1033,68,822,124,1010,376,778,902,842,1167,207,1002,76,0
208,1037,57,855,57,821,124,827,187,821,833,856,1181,208,800,50,0
209,1085,526,1019,59,820,124,988,344,317,640,644,969,209,920,482,0
210,802,997,348,89,819,124,348,471,758,534,18,39,210,309,1022,1
211,827,537,344,99,818,124,344,134,452,672,627,952,211,349,668,1
212,1013,858,465,98,817,124,450,281,546,660,244,552,212,480,877,1
213,1068,603,1114,88,816,124,1083,278,538,365,579,904,213,1042,583,0
214,996,570,670,88,815,124,1319,235,742,1062,595,920,214,614,603,0
215,878,544,863,89,814,124,834,173,566,829,611,936,215,793,500,0
216,842,357,1266,79,813,124,1232,258,529,1026,727,1052,216,1185,315,0
217,1129,447,473,95,812,124,456,338,397,253,682,1007,217,435,481,1
218,1050,892,440,98,811,124,430,372,463,548,193,490,218,407,877,1
219,1019,852,1298,80,810,89,1258,510,1072,1103,250,557,219,1212,848,0
220,815,760,572,75,809,124,555,274,656,724,409,728,220,521,707,1
221,1117,811,730,75,808,124,702,202,436,855,317,632,221,664,789,0
222,1040,930,919,91,807,124,893,460,882,719,89,326,222,859,928,0
223,1112,926,216,61,806,124,210,165,618,875,103,350,223,204,910,1
224,858,796,1261,85,805,68,1228,404,369,993,342,658,224,1189,745,0
225,1062,738,791,63,804,109,765,307,451,842,438,759,225,744,681,0
226,899,36,1217,73,803,124,1185,256,887,798,863,1188,226,1131,25,0
227,1007,578,1081,59,802,124,1052,196,768,727,582,907,227,1001,1004,0
228,1121,201,977,67,801,124,952,245,174,584,792,1117,228,914,166,0
229,1005,870,987,96,800,124,959,86,127,237,218,522,229,949,898,0
230,1179,954,365,61,799,124,362,295,351,604,43,204,230,1223,947,0
231,1144,189,1092,64,798,124,1062,190,812,976,797,1122,231,1022,158,0
232,989,214,922,86,797,124,897,346,675,700,784,1110,232,851,179,0
233,1031,845,608,91,795,124,590,131,381,856,258,566,233,569,825,1
234,931,582,34,95,794,124,9,180,959,841,571,896,234,44,620,1
235,825,890,1076,79,793,110,1048,133,625,574,188,483,235,1013,936,0
236,1025,208,819,61,792,124,793,462,708,859,788,1113,236,760,173,0
237,774,703,999,87,791,124,970,257,271,287,452,773,237,1256,668,0
238,1057,315,481,67,790,124,463,176,300,573,731,1057,238,438,409,1
239,455,901,1145,94,789,124,1116,336,112,242,152,435,239,1072,914,0
240,1034,459,161,61,788,124,137,407,327,701,657,982,240,171,411,1
241,1113,809,792,91,787,124,766,103,521,870,304,618,241,739,808,0
242,765,298,464,82,786,16,449,87,231,158,741,1066,242,327,255,1
243,875,506,334,79,785,124,336,355,394,496,617,942,243,358,462,1
244,804,435,845,67,784,124,816,443,470,785,664,989,244,789,387,0
245,1069,550,1234,61,783,124,1204,138,287,483,587,912,245,1168,505,0
246,1076,744,1123,85,782,124,1091,513,135,1057,404,723,246,1007,706,0
247,1108,706,27,92,781,124,35,109,93,62,437,758,247,334,715,1
248,932,661,876,96,780,124,853,277,304,388,473,796,248,877,728,0
249,969,878,378,100,779,124,374,420,362,374,189,485,249,354,895,1
250,1000,431,1228,73,778,124,1198,122,434,692,656,981,250,1267,382,0
251,962,775,510,56,777,124,493,342,579,634,346,662,251,461,721,1
252,665,215,892,83,776,124,869,307,691,170,774,1099,252,872,220,0
253,945,786,1160,89,775,87,1130,318,709,431,322,637,253,1060,761,0
254,1015,314,1130,79,774,124,1098,60,432,725,722,1047,254,1050,273,0
255,1010,801,660,89,773,124,637,303,731,975,301,615,255,587,742,1
256,767,917,1172,89,772,124,1141,223,725,329,106,357,256,1086,950,0
257,1033,129,389,81,771,124,382,357,943,748,817,1142,257,307,104,1
258,881,759,437,59,770,124,428,425,654,440,364,681,258,408,705,1
259,950,772,799,88,769,124,773,395,392,155,341,657,259,737,747,0
260,1124,675,882,83,768,124,859,331,172,499,454,775,260,889,669,0
261,1115,814,601,62,767,124,584,78,434,1142,283,596,261,1073,767,0
262,714,627,755,91,766,124,730,304,996,963,495,818,262,743,682,0
263,1093,879,18,90,765,98,1291,92,446,473,184,478,263,30,877,1
264,1149,724,126,65,764,124,1293,417,602,502,399,717,264,129,659,1
265,511,551,597,73,763,124,570,560,971,801,568,893,265,550,507,1
266,948,668,830,75,762,124,802,191,519,428,456,777,266,783,604,0
267,979,159,735,82,761,124,707,277,348,486,800,1125,267,676,149,0
268,855,104,535,67,760,124,523,491,553,838,822,1147,268,492,84,1
269,946,371,832,89,759,124,804,209,485,651,690,1015,269,761,328,0
270,725,532,206,94,758,33,205,171,456,1087,580,905,270,109,491,1
271,688,560,1144,73,757,124,1115,504,829,1147,543,868,271,1264,517,0
272,1048,545,175,92,756,124,177,317,581,386,560,886,272,151,587,1
273,822,437,125,72,755,124,144,100,499,281,631,956,273,189,389,1
274,786,831,1291,96,754,124,1261,11,559,1060,237,545,274,1242,877,0
275,1044,478,809,84,753,124,782,256,249,458,609,934,275,749,514,0
276,1006,71,257,77,752,124,255,131,222,143,834,1159,276,1076,54,1
277,998,216,343,89,751,124,343,503,995,1107,764,1089,277,802,423,1
278,917,436,880,77,749,124,857,207,414,397,622,947,278,820,388,0
279,973,634,937,91,748,124,909,150,383,771,469,792,279,886,668,0
280,496,546,741,96,747,124,716,304,281,302,538,863,280,72,668,1
281,952,143,836,56,746,124,808,211,549,208,798,1123,281,781,117,0
282,929,565,456,96,745,42,94,213,315,1170,513,837,282,148,547,1
283,977,524,846,93,744,124,821,487,151,114,564,890,283,794,650,0
284,560,999,368,57,743,124,366,10,1073,982,14,24,284,328,1017,1
285,705,382,944,82,742,111,847,318,631,345,651,976,285,897,341,0
286,1066,931,120,63,741,124,130,407,646,772,61,256,286,126,918,1
287,947,552,341,99,740,124,341,458,260,491,518,842,287,563,565,1
288,583,583,242,56,738,124,244,307,534,380,486,809,288,280,531,1
289,1136,525,844,88,737,124,815,365,523,521,551,876,289,788,668,0
290,826,530,1008,92,736,124,979,112,422,804,542,867,290,956,747,0
291,942,515,316,60,735,124,312,185,557,898,561,887,291,288,470,1
292,1181,205,1107,72,734,124,1077,474,982,1090,757,1082,292,964,171,0
293,924,620,638,75,733,124,616,264,375,288,464,787,293,591,561,1
294,703,350,317,86,732,124,225,521,730,509,665,990,294,291,377,1
295,978,843,906,59,731,124,882,186,367,650,195,492,295,843,800,0
296,1097,151,694,60,730,124,665,97,406,421,791,1116,296,637,122,0
297,923,536,1105,63,729,124,1075,421,604,694,526,851,297,1261,495,0
298,784,690,966,85,728,124,936,264,394,249,370,688,298,900,769,0
299,621,938,840,61,727,124,810,305,239,1079,51,228,299,775,929,0
300,850,908,32,94,726,124,40,288,307,181,94,331,300,42,904,1
301,657,292,461,82,725,124,447,246,985,1076,698,1024,301,405,247,1
302,954,535,857,85,724,124,828,226,132,125,524,848,302,803,678,0
303,806,913,69,58,723,124,72,464,1109,1181,86,313,303,17,888,1
304,957,577,252,95,722,124,252,336,235,351,481,803,304,214,628,1
305,922,961,399,57,720,124,402,435,1046,978,28,126,305,364,963,1
306,1071,345,169,62,719,124,1298,420,566,437,655,980,306,135,303,1
307,857,617,1045,73,718,124,1022,410,608,712,451,772,307,973,558,0
308,935,511,146,66,717,124,162,378,701,677,539,864,308,111,466,1
309,761,426,841,89,716,124,788,193,1030,381,600,925,309,782,377,0
310,1003,872,514,61,715,124,497,400,391,757,143,421,310,458,877,1
311,852,665,339,100,714,124,339,297,450,373,384,701,311,305,710,1
312,976,616,184,95,713,124,185,65,175,99,445,766,312,110,701,1
313,1190,141,655,74,712,29,632,397,121,773,787,1112,313,603,114,1
314,1065,589,1002,57,711,124,973,543,981,644,460,783,314,935,538,0
315,981,859,803,78,710,124,775,353,492,442,150,432,315,745,822,0
316,882,333,80,58,708,124,79,286,699,852,658,983,316,86,288,1
317,807,490,1090,78,707,124,1060,385,741,559,546,871,317,1260,444,0
318,997,700,289,93,705,68,223,198,852,987,334,650,318,262,747,1
319,911,26,134,59,704,124,152,145,356,417,862,1187,319,1208,20,1
320,851,799,1241,93,703,124,1191,280,321,347,240,548,320,1154,781,0
321,897,259,372,102,702,124,369,423,245,847,703,1028,321,330,236,1
322,739,958,347,91,701,124,347,179,567,436,27,124,322,316,1006,1
323,1046,835,686,94,700,124,657,412,616,505,188,482,323,630,814,0
324,1004,767,895,58,699,124,872,217,530,539,275,584,324,888,716,0
325,883,608,929,77,698,124,895,377,809,906,425,745,325,866,607,0
326,865,304,182,89,697,124,184,292,501,441,661,986,326,221,298,1
327,944,600,975,69,696,124,945,283,433,455,431,752,327,912,753,0
328,776,788,325,84,695,124,319,482,521,325,243,551,328,117,731,1
329,644,996,797,57,694,124,771,407,21,87,15,31,329,730,1014,0
330,926,923,808,57,693,124,781,347,460,524,61,255,330,1240,906,0
331,1023,887,1251,96,692,124,1218,183,570,1025,105,356,331,1162,857,0
332,841,69,54,83,691,124,12,281,376,576,819,1144,332,62,60,1
333,593,80,918,75,690,28,892,247,764,926,810,1135,333,855,433,0
334,1030,900,395,72,689,125,387,171,594,482,84,307,334,382,882,1
335,1060,895,65,64,688,124,68,348,853,819,89,325,335,16,853,1
336,1083,444,762,69,687,124,737,106,94,737,554,880,336,703,397,0
337,920,195,1137,65,686,124,1105,537,733,782,729,1054,337,1011,162,0
338,867,591,704,96,685,124,671,455,624,393,419,739,338,642,803,0
339,955,221,167,67,684,124,172,417,647,783,704,1029,339,1047,182,1
340,1035,905,261,69,683,124,259,407,762,878,74,285,340,264,889,1
341,1116,137,392,78,682,124,385,320,628,670,771,1096,341,362,197,1
342,813,762,1046,56,681,124,1023,501,203,430,269,578,342,1051,709,0
343,1110,231,480,62,680,124,462,318,439,740,699,1025,343,436,191,1
344,772,696,1183,93,679,82,1151,186,187,1150,307,622,344,1113,653,0
345,801,197,71,100,678,124,74,246,527,490,724,1049,345,76,253,1
346,1008,449,1135,71,677,124,1103,333,240,770,534,859,346,1053,402,0
347,913,418,249,75,676,31,249,369,880,973,565,891,347,237,393,1
348,910,625,1124,61,675,124,1092,102,550,1001,380,698,348,1045,564,0
349,773,321,336,100,674,124,322,496,423,201,624,949,349,352,279,1
350,578,992,829,58,673,124,800,159,1053,1162,16,33,350,787,1011,0
351,754,209,1323,83,672,124,1289,449,328,332,709,1034,351,1294,208,0
352,650,271,1289,59,671,124,1252,305,105,698,662,987,352,1213,226,0
353,509,975,406,59,670,117,391,307,690,457,23,91,353,375,983,1
354,810,753,700,93,669,90,678,165,186,197,266,574,354,847,795,0
355,940,594,565,56,668,49,548,134,493,335,397,715,355,512,543,1
356,1053,629,946,70,667,124,917,373,703,661,357,674,356,829,568,0
357,895,356,470,65,666,39,453,321,538,523,596,921,357,415,312,1
358,551,864,1164,78,665,106,1134,207,715,623,110,371,358,505,866,0
359,1038,448,297,68,664,124,293,199,588,296,521,845,359,269,401,1
360,1052,302,155,60,663,124,167,214,970,939,625,950,360,192,261,1
361,673,833,958,78,662,103,929,488,338,29,147,428,361,893,791,0
362,876,296,264,95,661,124,262,164,502,195,626,951,362,861,313,1
363,785,275,113,94,660,59,124,76,551,746,641,966,363,124,246,1
364,894,554,1195,62,659,124,1161,516,469,810,417,737,364,1103,512,0
365,959,499,939,56,658,124,911,73,393,500,478,800,365,1248,454,0
366,971,585,99,59,657,124,111,343,276,693,385,702,366,113,535,1
367,830,925,1050,99,656,124,1026,215,483,734,48,219,367,1028,955,0
368,965,243,878,64,654,124,855,306,598,731,666,991,368,849,202,0
369,1036,749,380,59,653,124,376,367,656,1024,247,554,369,344,694,1
370,937,288,204,71,652,124,203,104,441,603,629,954,370,169,242,1
371,874,247,680,74,651,124,651,198,312,203,663,988,371,638,204,1
372,877,674,509,103,650,124,492,311,217,85,294,609,372,460,740,1
373,1022,33,561,101,649,38,545,507,1027,1085,848,1173,373,503,75,1
374,856,503,1023,87,648,51,992,180,639,764,461,784,374,953,458,0
375,1012,867,3,71,647,124,3,175,606,874,95,335,375,4,830,1
376,939,527,422,91,646,124,416,113,70,1088,441,762,376,395,486,1
377,716,984,614,63,645,124,573,304,33,416,22,71,377,565,995,1
378,760,681,248,78,644,75,248,315,836,51,288,602,378,253,627,1
379,943,430,564,71,643,124,547,514,998,880,508,832,379,498,381,1
380,638,564,1256,75,642,124,1322,307,1002,803,393,711,380,1171,521,0
381,951,623,641,99,641,124,619,241,247,844,335,651,381,592,735,1
382,730,500,1154,56,640,42,1125,304,756,886,457,778,382,1093,455,0
383,987,249,910,97,639,124,886,286,193,1104,646,971,383,845,206,0
384,1146,386,24,98,638,124,32,433,569,218,536,861,384,71,433,1
385,799,557,825,64,637,124,798,36,103,218,392,710,385,778,515,0
386,879,415,948,92,636,124,919,202,535,569,510,834,386,883,668,0
387,849,223,181,63,635,124,183,170,443,456,668,993,387,141,184,1
388,869,469,203,70,634,124,202,272,410,489,477,799,388,167,419,1
389,686,876,190,59,633,124,191,142,813,1118,81,298,389,147,839,1
390,1096,420,135,96,632,124,153,422,52,1188,498,822,390,186,451,1
391,734,172,807,95,631,124,779,562,1018,151,708,1033,391,748,152,0
392,840,347,900,98,630,124,877,63,907,258,562,888,392,837,339,0
393,995,140,1308,77,629,124,1271,282,613,589,736,1061,393,1281,113,0
394,866,571,433,102,628,124,424,415,126,1091,358,675,394,338,668,1
395,904,410,474,67,626,124,455,265,447,529,506,830,395,387,364,1
396,571,563,383,97,625,124,378,246,421,344,367,684,396,346,889,1
397,949,394,1214,64,624,70,1182,22,15,55,514,838,397,1128,394,0
398,863,412,327,78,623,124,330,530,110,703,493,816,398,298,367,1
399,1001,689,231,60,621,124,233,136,223,956,261,569,399,217,651,1
400,798,763,1314,98,620,124,1280,519,912,542,205,506,400,1287,912,0
401,960,199,549,63,619,124,533,306,268,535,673,998,401,509,165,1
402,787,405,295,81,618,60,291,86,116,790,497,821,402,271,359,1
403,1072,55,736,96,617,47,677,149,250,1179,806,1131,403,678,170,0
404,838,157,619,75,616,29,598,301,723,405,713,1038,404,567,126,1
405,383,495,669,56,615,124,641,307,876,899,432,753,405,613,450,1
406,930,114,1236,73,613,124,1206,390,481,468,746,1071,406,1169,93,0
407,912,856,1053,100,612,91,999,169,552,122,83,304,407,1259,817,0
408,682,732,75,82,611,124,75,434,786,526,222,526,408,81,693,1
409,916,6,936,90,610,1,908,275,331,562,887,1212,409,826,5,0
410,811,622,847,91,609,124,822,75,620,758,303,617,410,791,568,0
411,823,66,657,93,608,3,634,156,703,1144,795,1120,411,600,51,1
412,762,569,1026,93,607,124,995,193,749,665,336,652,412,955,668,0
413,669,360,985,96,606,124,947,272,489,356,522,846,413,925,428,0
414,805,667,83,99,605,124,82,270,62,64,269,577,414,765,765,1
415,908,441,396,59,604,29,1301,89,518,760,459,782,415,384,443,0
416,667,822,600,95,603,124,583,363,906,1129,121,393,416,552,877,1
417,839,475,405,98,602,124,1304,395,677,754,436,757,417,372,451,0
418,803,211,598,95,601,124,581,451,475,261,642,967,418,548,211,1
419,723,820,968,56,600,124,938,343,724,516,121,391,419,906,775,0
420,607,718,945,81,599,124,916,188,313,353,219,523,420,884,970,0
421,888,86,649,99,598,42,627,105,269,515,769,1094,421,597,109,1
422,819,487,618,58,597,124,597,127,455,392,412,731,422,566,440,1
423,466,184,752,70,596,14,727,260,574,487,670,995,423,747,153,0
424,961,100,1175,78,595,124,1144,289,100,846,751,1076,424,1082,568,0
425,633,501,615,95,594,124,594,246,854,343,395,713,425,546,511,1
426,756,355,311,90,593,124,304,203,73,1003,509,833,426,842,311,1
427,581,974,778,57,592,124,753,308,833,223,22,78,427,713,982,0
428,782,789,764,96,591,124,739,246,84,37,154,437,428,516,877,0
429,933,824,381,62,590,94,377,328,704,825,108,363,429,345,834,1
430,402,278,302,59,589,124,297,80,1082,1098,581,906,430,279,233,1
431,956,615,1103,60,588,124,1073,122,440,629,290,604,431,1031,610,0
432,576,286,1192,90,587,124,1159,246,125,312,575,900,432,1070,292,0
433,853,376,1258,68,586,124,1323,266,445,663,487,810,433,1175,333,0
434,683,452,1077,92,585,124,1049,302,899,364,426,747,434,966,405,0
435,707,1002,873,66,584,124,850,339,380,415,5,6,435,817,1021,0
436,893,307,742,61,583,124,717,444,626,583,529,854,436,1238,266,0
437,1029,64,692,92,582,124,663,324,468,711,782,1108,437,633,74,1
438,907,76,1250,91,581,124,1193,67,891,631,768,1093,438,1159,103,0
439,885,342,1096,62,579,124,1066,210,247,509,496,819,439,1024,299,0
440,816,156,385,78,578,124,379,302,656,614,672,997,440,320,412,1
441,843,747,1303,76,577,79,1269,309,50,284,182,473,441,1277,732,0
442,818,949,218,91,576,115,212,31,206,160,25,106,442,205,937,1
443,808,882,1292,95,575,124,1254,122,723,820,56,240,443,1227,861,0
444,675,844,310,60,574,124,308,341,334,648,75,286,444,1214,799,1
445,567,909,622,61,573,124,601,479,772,944,41,193,445,571,886,1
446,748,647,508,94,571,88,466,77,368,953,234,539,446,459,632,1
447,749,472,953,103,570,124,924,272,343,43,381,699,447,825,522,0
448,403,317,199,92,569,124,199,440,1098,1035,500,824,448,38,668,1
449,493,898,78,65,568,124,77,271,458,428,45,211,449,25,858,1
450,574,28,40,80,567,124,47,295,676,778,838,1163,450,47,21,1
451,680,115,292,64,566,124,288,287,726,610,706,1031,451,268,94,1
452,695,320,1280,63,565,124,1245,270,693,349,496,820,452,666,278,0
453,515,287,1071,102,564,124,1043,246,512,337,533,858,453,1003,272,0
454,420,544,154,71,563,124,166,403,555,829,305,619,454,213,500,1
455,679,254,1102,87,561,124,1072,308,238,374,572,897,455,1029,217,0
456,727,407,73,97,560,46,15,157,115,747,430,751,456,78,577,1
457,537,53,626,71,558,124,604,210,540,829,789,1114,457,581,41,1
458,724,773,862,90,557,74,833,13,58,96,144,422,458,807,773,0
459,854,176,423,99,555,77,417,147,386,1145,639,964,459,396,146,1
460,780,351,444,82,554,124,432,303,651,254,468,791,460,414,336,1
461,692,757,1281,56,553,124,1246,70,134,272,158,441,461,1186,702,0
462,793,891,733,74,552,124,705,111,957,411,47,216,462,96,850,1
463,566,701,908,102,551,112,884,279,116,265,190,486,463,844,948,0
464,671,434,1320,74,550,29,1287,59,426,606,382,700,464,1293,386,0
465,735,280,488,60,549,124,474,433,814,317,512,836,465,447,237,1
466,715,906,1313,81,548,124,1279,306,796,445,38,181,466,1286,878,0
467,554,481,255,93,547,29,220,94,455,91,338,654,467,240,429,1
468,458,154,48,56,546,124,54,500,1074,1110,652,977,468,55,124,1
469,668,765,374,58,545,124,326,306,795,791,140,418,469,773,713,1
470,579,650,237,98,544,124,237,224,735,697,213,515,470,286,633,1
471,918,149,707,83,543,124,684,486,583,525,654,979,471,655,500,0
472,712,573,760,56,542,42,735,72,64,212,264,572,472,702,529,0
473,689,994,1295,72,541,124,1255,230,841,992,12,21,473,1245,1015,0
474,479,633,1248,85,540,124,1216,310,111,410,221,525,474,1157,596,0
475,905,142,220,65,539,124,214,489,915,900,650,975,475,209,116,1
476,758,161,1122,84,538,52,1090,129,509,245,619,944,476,1044,338,0
477,655,235,1180,97,537,124,1148,419,261,82,540,865,477,1094,607,0
478,744,669,658,99,536,103,635,44,459,432,191,487,478,559,686,1
479,664,953,715,96,533,122,675,23,446,619,23,95,479,656,1006,0
480,577,508,671,77,532,124,642,305,27,995,296,610,480,619,484,1
481,728,884,143,94,530,116,160,95,411,291,43,202,481,188,845,1
482,622,781,492,56,529,65,477,512,818,352,100,346,482,476,725,1
483,694,103,943,99,528,124,915,320,533,200,692,1017,483,879,88,0
484,921,391,403,83,527,54,1306,167,418,485,378,696,484,370,667,0
485,642,804,1213,81,525,124,1181,299,640,269,80,296,485,1133,955,0
486,540,969,449,77,524,120,435,256,229,110,18,42,486,419,977,1
487,472,346,1267,81,523,124,1233,323,196,1080,406,725,487,1188,307,0
488,471,463,513,99,522,124,496,284,581,695,314,629,488,488,526,1
489,763,400,719,90,521,55,692,320,668,881,360,677,489,659,366,0
490,941,800,604,70,520,124,586,497,275,1086,82,303,490,1229,956,0
491,925,792,806,101,519,98,778,96,881,1097,86,316,491,746,768,0
492,702,746,1060,88,518,124,1033,119,653,339,123,395,492,988,688,0
493,766,704,283,84,517,85,281,573,1010,331,145,423,493,915,641,1
494,828,952,716,87,516,120,689,567,180,1050,23,89,494,657,942,0
495,829,175,787,90,515,124,762,527,1067,1021,588,913,495,1237,306,0
496,636,80,528,90,514,124,510,258,233,132,707,1032,496,487,356,1
497,812,144,346,87,513,19,346,180,596,1106,614,939,497,339,118,1
498,1014,657,896,74,512,124,873,368,4,1183,173,460,498,1247,597,0
499,870,134,647,66,511,124,625,319,603,495,634,959,499,595,110,1
500,384,454,796,90,510,124,770,320,964,1047,309,624,500,693,541,0
501,764,790,147,74,509,124,163,15,23,1172,84,309,501,185,733,1
502,616,178,1013,95,508,124,983,242,54,66,583,908,502,940,377,0
503,704,787,1316,56,506,124,1283,303,792,605,83,306,503,1289,730,0
504,385,16,717,89,505,124,690,250,990,1073,845,1170,504,665,13,1
505,601,972,2,66,503,124,2,303,636,104,17,34,505,2,985,1
506,674,89,551,93,502,124,535,246,310,320,696,1021,506,1202,332,0
507,824,709,1065,87,501,124,1037,446,792,231,132,409,507,992,824,0
508,483,369,684,88,500,29,655,216,802,839,366,683,508,628,342,1
509,906,212,743,101,499,124,718,19,76,182,516,840,509,682,177,0
510,666,943,1201,58,497,109,1166,307,690,1042,24,101,510,1117,931,0
511,539,720,230,59,496,124,232,303,484,907,118,384,511,230,657,1
512,656,606,21,77,495,51,29,391,398,328,197,497,512,32,551,1
513,777,518,59,74,493,124,62,209,425,274,259,567,513,64,477,1
514,743,364,1012,83,492,124,982,322,670,511,359,676,514,942,324,0
515,741,358,774,84,491,124,749,385,462,560,365,682,515,734,315,0
516,364,921,370,84,489,124,368,307,718,931,28,130,516,313,903,1
517,648,982,1310,59,488,124,1276,466,67,14,15,30,517,1283,994,0
518,543,145,993,85,487,51,965,307,979,111,597,922,518,943,639,0
519,693,825,653,103,486,97,630,544,961,930,57,244,519,609,783,1
520,450,596,827,88,485,124,787,246,257,116,196,495,520,756,803,0
521,398,470,651,82,484,36,628,318,889,827,280,593,521,599,422,1
522,556,99,583,90,483,124,565,233,373,628,659,984,522,533,81,1
523,672,250,94,65,482,124,108,324,822,749,465,788,523,178,207,1
524,742,183,956,100,481,28,927,307,661,681,544,869,524,892,176,0
525,1160,158,1207,61,479,124,1176,373,106,959,578,903,525,1123,128,0
526,821,460,366,61,478,124,363,306,919,1058,281,594,526,347,479,1
527,615,624,1212,62,477,124,1180,52,571,434,179,469,527,1120,563,0
528,809,65,1083,79,476,124,1054,307,1025,952,718,1043,528,1236,71,0
529,848,348,39,100,475,124,10,492,937,1126,351,668,529,46,308,1
530,580,528,421,72,474,124,415,307,289,940,235,541,530,393,487,1
531,662,498,207,61,473,124,206,586,1105,1164,262,570,531,166,453,1
532,584,944,578,62,472,124,560,66,138,735,23,98,532,527,932,1
533,453,283,749,88,471,124,724,304,980,928,422,742,533,686,239,0
534,432,272,160,87,470,124,170,307,230,796,435,756,534,168,334,1
535,495,966,235,60,469,124,238,55,75,1078,18,40,535,218,972,1
536,710,629,828,72,468,124,801,262,1101,1152,171,458,536,764,668,0
537,562,238,516,68,467,124,499,305,986,329,470,793,537,1226,198,0
538,589,562,994,78,466,124,966,296,789,338,208,509,538,944,520,0
539,570,2,5,57,465,124,5,318,799,789,892,1217,539,6,1,1
540,550,32,11,101,464,124,20,246,355,476,799,1124,540,18,30,1
541,985,146,234,65,463,124,236,480,884,917,584,909,541,266,749,1
542,623,610,1206,58,462,124,1175,304,109,148,177,465,542,1142,554,0
543,795,206,304,76,461,48,300,274,885,808,490,813,543,228,607,1
544,627,993,545,62,460,124,519,280,197,425,10,18,544,506,1012,1
545,553,295,974,98,459,124,944,246,672,103,405,724,545,911,320,0
546,412,980,875,58,456,124,852,57,872,879,15,29,546,857,991,0
547,527,734,524,60,455,124,506,337,1092,1133,95,334,547,446,675,1
548,488,981,646,75,454,124,624,325,1032,1143,14,27,548,586,993,1
549,711,914,525,64,453,124,507,485,886,816,28,125,549,454,890,1
550,681,464,1210,88,452,27,1178,410,576,885,270,579,550,1127,415,0
551,512,964,728,64,451,124,698,258,683,484,17,36,551,649,969,0
552,663,401,1179,94,450,124,303,246,258,426,297,611,552,1081,357,0
553,424,429,858,62,449,124,829,307,1016,1013,278,591,553,805,380,0
554,889,711,425,97,448,124,394,525,844,527,98,342,554,399,668,1
555,747,924,445,99,447,124,398,246,256,1184,26,112,555,416,909,1
556,1099,91,837,61,446,124,809,396,449,370,647,972,556,1140,130,0
557,713,127,773,82,443,124,748,241,366,484,592,917,557,720,100,0
558,632,236,1101,91,442,28,1071,307,544,517,447,768,558,1038,433,0
559,611,14,117,56,441,124,128,299,539,831,844,1169,559,179,11,1
560,612,651,757,57,439,124,733,178,663,550,131,407,560,691,590,0
561,751,155,1293,96,438,29,1262,412,330,792,541,866,561,1232,125,0
562,603,655,899,56,437,124,876,306,908,324,125,399,562,895,594,0
563,426,483,738,70,436,124,714,481,453,861,236,542,563,680,436,0
564,505,196,212,68,435,124,102,448,859,829,482,804,564,196,163,1
565,618,148,1315,79,434,124,1281,101,303,1049,553,879,565,1288,120,0
566,552,358,650,81,433,124,614,304,749,194,313,628,566,598,315,1
567,544,273,1141,56,432,124,1113,307,736,1031,390,708,567,1056,229,0
568,445,519,691,62,430,124,662,554,911,729,216,520,568,636,478,1
569,590,303,784,69,429,124,758,222,593,608,354,671,569,724,262,0
570,461,918,758,59,428,124,734,304,405,357,26,118,570,750,896,0
571,372,9,1087,87,427,124,1057,442,632,829,871,1196,571,551,8,0
572,498,684,157,76,426,124,169,306,720,369,102,348,572,160,668,1
573,514,664,211,60,425,124,101,307,572,1015,113,375,573,1059,602,1
574,887,327,194,67,424,124,195,535,1102,1165,323,638,574,156,285,1
575,415,462,332,61,423,124,334,316,775,908,238,546,575,356,414,1
576,859,417,462,95,422,124,442,459,1045,1174,268,576,576,374,377,1
577,660,92,246,102,420,124,246,246,136,829,618,943,577,227,315,1
578,860,83,928,94,419,124,894,553,1019,1154,636,961,578,864,79,0
579,886,224,1270,95,417,124,1237,434,497,834,421,741,579,1190,185,0
580,736,3,122,63,416,124,1292,431,850,802,890,1215,580,127,2,1
581,547,513,1073,57,414,124,1045,304,565,445,196,496,581,1004,468,0
582,637,695,82,95,412,124,81,281,935,1023,85,311,582,83,668,1
583,503,230,822,79,411,124,795,307,385,178,398,716,583,762,190,0
584,606,171,313,94,409,19,309,91,32,838,471,794,584,229,252,1
585,482,658,599,76,408,55,582,304,507,123,95,333,585,557,598,1
586,831,406,593,80,407,55,577,21,80,137,253,560,586,561,360,1
587,431,613,293,90,406,55,289,293,590,910,124,396,587,274,557,1
588,721,612,874,66,405,66,851,555,1041,1005,124,397,588,818,556,0
589,737,198,107,92,402,10,118,121,600,224,420,740,589,1209,164,1
590,448,556,352,57,401,124,352,289,633,501,147,427,590,315,537,1
591,651,726,1257,93,398,124,1222,457,994,1008,64,264,591,1172,714,0
592,406,245,121,100,397,124,131,246,529,464,352,669,592,101,668,1
593,377,13,668,82,396,124,1318,238,179,168,832,1157,593,608,314,0
594,558,977,1074,63,395,124,1046,413,407,221,14,25,594,1005,984,0
595,568,566,679,61,392,124,650,564,41,1038,138,416,595,1233,523,0
596,775,325,9,99,391,124,18,47,11,192,285,599,596,14,301,1
597,873,826,104,90,390,124,115,438,1039,1116,37,175,597,99,785,1
598,652,48,324,91,389,5,329,456,920,977,685,1010,598,297,74,1
599,487,381,1216,80,388,124,1184,24,326,242,248,555,599,1125,461,0
600,745,29,41,98,387,124,46,550,1062,674,772,1097,600,49,26,1
601,963,666,526,96,386,124,508,125,516,1010,82,302,601,777,803,1
602,504,291,1193,68,385,124,1160,309,674,974,300,614,602,1102,245,0
603,531,252,1197,84,384,124,1163,305,808,761,333,649,603,1112,542,0
604,649,242,232,58,382,124,234,68,137,1137,343,660,604,226,199,1
605,844,239,142,62,380,124,149,37,731,970,342,659,605,106,267,1
606,750,947,279,93,379,113,276,304,962,451,22,70,606,257,964,1
607,790,391,459,96,377,124,445,493,895,722,228,532,607,422,471,1
608,438,836,511,58,376,124,494,56,851,913,33,160,608,462,793,1
609,546,358,193,89,375,124,194,315,791,888,249,556,609,143,315,1
610,643,446,136,59,373,124,154,38,661,987,194,491,610,187,400,1
611,387,56,1232,72,372,124,1202,310,98,479,632,957,611,1160,44,0
612,535,379,418,70,371,124,412,118,696,996,229,534,612,391,447,1
613,1119,202,296,98,370,32,292,139,1,2,371,689,613,270,300,1
614,375,539,628,62,369,124,1313,547,604,832,136,413,614,578,499,0
615,391,834,843,58,362,80,814,49,403,989,31,153,615,786,792,0
616,719,62,205,85,360,9,204,289,494,126,610,935,616,165,48,1
617,470,222,450,75,357,124,436,302,589,139,329,644,617,409,183,1
618,480,628,1170,62,356,124,1139,51,755,867,82,300,618,1078,567,0
619,685,534,364,56,355,124,364,99,914,807,129,403,619,322,494,1
620,400,1,114,87,352,124,125,447,637,829,894,1219,620,198,0,1
621,501,543,870,100,351,124,840,246,258,1066,117,383,621,880,690,0
622,845,120,458,93,350,12,444,484,829,1052,479,801,622,424,156,1
623,452,729,274,59,348,124,272,445,746,1127,52,233,623,210,665,1
624,586,707,1325,70,347,124,1290,570,949,1095,56,239,624,1298,643,0
625,465,862,904,60,343,124,880,289,412,21,27,123,625,841,823,0
626,444,328,849,84,341,124,823,307,83,308,232,537,626,813,286,0
627,645,946,6,73,339,124,6,256,944,36,19,45,627,9,935,1
628,608,636,523,87,338,124,505,246,726,180,73,281,628,478,611,1
629,757,150,1307,99,337,124,1270,518,747,354,414,734,629,1280,138,0
630,591,153,398,100,336,124,401,559,1110,1101,407,726,630,366,174,1
631,690,817,178,93,335,124,179,54,164,690,32,158,631,138,770,1
632,430,950,1245,60,334,116,1213,243,749,1189,17,35,632,1173,966,0
633,783,973,690,57,333,124,661,143,927,946,13,22,633,705,981,0
634,484,631,850,58,328,124,824,364,514,920,70,274,634,10,569,1
635,968,84,280,72,327,124,278,515,1108,1186,523,847,635,248,66,1
636,670,409,76,73,324,76,76,387,954,965,178,466,636,82,362,1
637,587,438,927,69,322,124,902,291,560,145,156,439,637,865,390,0
638,379,863,335,88,320,124,337,295,579,156,26,116,638,303,831,1
639,626,580,1044,95,319,124,1021,45,609,688,82,301,639,972,559,0
640,468,607,43,64,315,124,48,467,323,67,71,276,640,51,552,1
641,459,49,913,70,311,124,888,305,339,173,607,932,641,1249,37,0
642,729,102,408,82,310,124,404,180,209,15,467,790,642,377,82,1
643,717,828,229,88,309,99,231,566,77,1036,29,133,643,247,820,1
644,410,125,633,83,308,124,1314,276,1097,1023,418,738,644,577,123,0
645,440,34,951,73,306,124,922,295,671,206,691,1016,645,873,24,0
646,389,428,177,57,305,124,180,541,1035,1100,146,425,646,140,379,1
647,441,920,1150,60,304,124,1109,307,1051,1033,23,84,647,1064,902,0
648,436,279,1021,89,301,17,990,307,1066,493,233,538,648,954,235,0
649,641,393,541,62,298,124,529,307,1075,923,168,454,649,494,350,1
650,513,18,152,56,296,124,165,25,122,150,778,1103,650,191,14,1
651,457,77,129,69,295,124,146,580,774,1102,502,826,651,1210,259,1
652,442,20,1185,61,290,124,1153,305,685,292,766,1091,652,1095,16,0
653,473,802,687,67,289,124,658,305,399,42,31,150,653,632,957,0
654,408,228,881,80,285,124,858,574,890,452,271,580,654,821,189,0
655,467,395,785,78,282,124,759,536,170,556,149,431,655,725,351,0
656,524,344,775,70,281,124,750,300,863,1053,177,464,656,721,304,0
657,478,377,1246,81,280,124,1214,498,400,886,160,443,657,1270,335,0
658,620,136,1284,80,279,124,1249,2,690,767,363,680,658,1203,112,0
659,409,496,476,68,278,124,458,314,748,745,97,341,659,432,452,1
660,477,47,612,80,277,124,592,282,921,821,602,927,660,560,35,1
661,521,493,1088,75,276,124,1058,304,932,929,97,339,661,1019,448,0
662,475,899,701,69,272,124,679,7,86,141,23,93,662,643,859,0
663,732,467,337,71,271,124,338,424,104,1169,108,361,663,308,488,1
664,778,27,795,101,270,124,769,305,63,28,723,1048,664,729,43,0
665,718,466,634,97,268,124,1315,200,102,1146,106,358,665,584,418,0
666,523,294,251,86,267,124,251,299,743,538,202,503,666,7,249,1
667,691,445,1252,101,265,71,1219,399,552,818,112,374,667,1164,399,0
668,411,780,1191,62,264,124,1158,18,42,74,31,152,668,1099,724,0
669,706,236,127,87,263,20,133,514,1029,955,235,540,669,255,195,1
670,731,987,427,90,261,124,419,581,39,163,7,10,670,400,1002,1
671,362,353,675,74,259,18,646,583,285,829,153,436,671,617,310,1
672,520,10,164,71,258,124,1297,470,682,455,839,1164,672,134,9,1
673,481,282,243,56,257,124,245,9,60,1105,201,502,673,221,238,1
674,417,266,133,85,254,124,151,517,1065,1109,206,507,674,193,234,1
675,446,1001,1097,66,253,124,1067,320,429,54,1,1,675,1025,1020,0
676,557,40,532,87,252,124,512,177,1094,19,615,940,676,486,639,1
677,561,829,683,86,251,78,654,313,1017,463,26,115,677,625,786,1
678,421,682,988,57,250,124,960,561,753,649,40,189,678,927,617,0
679,519,323,1041,56,249,124,1018,495,1038,1074,164,448,679,1027,281,0
680,365,300,1218,63,248,124,1186,305,619,423,181,471,680,1135,257,0
681,392,502,997,72,243,124,969,307,585,382,77,290,681,1255,457,0
682,516,352,711,84,240,45,686,436,16,10,141,419,682,1234,309,0
683,507,106,14,63,239,124,23,575,99,161,368,685,683,21,86,1
684,832,433,932,77,238,124,846,165,520,422,95,334,684,874,854,0
685,367,541,851,83,237,85,818,304,749,44,62,259,685,796,519,0
686,532,90,519,56,235,124,501,307,781,750,411,730,686,472,69,1
687,418,549,1039,80,232,124,1016,331,892,481,61,254,687,967,504,0
688,541,880,1317,74,230,124,1282,307,866,1125,23,91,688,1290,842,0
689,368,297,1048,96,228,124,1024,304,8,25,166,451,689,979,315,0
690,434,267,507,65,223,124,491,307,978,593,186,480,690,457,223,1
691,508,270,527,83,220,55,468,426,697,279,179,467,691,482,668,1
692,491,656,388,92,219,124,328,542,461,408,39,184,692,355,638,1
693,517,107,567,76,218,124,550,61,707,705,350,667,693,523,87,1
694,701,579,824,83,217,124,797,307,1087,1138,51,228,694,774,540,0
695,464,390,197,59,216,124,198,305,975,618,108,364,695,158,348,1
696,542,121,750,77,214,124,725,232,71,1006,319,634,696,687,98,0
697,428,124,97,75,212,124,109,71,1111,1123,316,631,697,1211,141,1
698,494,782,223,69,211,124,217,307,291,739,28,129,698,1220,726,1
699,639,343,401,100,208,29,1305,246,993,147,127,401,699,367,451,0
700,435,4,153,62,206,124,1295,386,665,460,884,1209,700,131,3,1
701,572,439,277,90,203,124,275,305,324,251,80,297,701,1221,391,1
702,602,849,308,71,202,124,306,304,186,146,23,97,702,241,809,1
703,396,67,805,73,200,124,777,307,991,924,433,755,703,738,52,0
704,454,337,284,98,199,22,282,251,448,800,117,381,704,234,377,1
705,378,691,44,83,198,124,50,307,910,983,33,162,705,52,626,1
706,361,936,990,71,197,124,962,305,487,84,16,32,706,928,945,0
707,449,225,225,57,196,19,227,572,845,149,192,489,707,212,186,1
708,404,330,61,56,192,124,64,303,302,389,116,380,708,67,287,1
709,565,73,725,59,191,11,700,297,428,811,399,718,709,647,56,1
710,646,24,150,75,188,124,1294,339,571,438,681,1006,710,130,18,1
711,709,232,46,64,187,124,52,48,798,176,183,476,711,22,192,1
712,555,609,1279,86,185,117,1244,552,152,243,41,194,712,1197,553,0
713,388,319,36,74,183,22,42,306,454,30,120,389,713,73,277,1
714,413,397,1285,73,180,124,1250,304,739,860,86,318,714,1215,353,0
715,619,652,1244,86,175,61,1212,34,901,823,34,168,715,1176,592,0
716,592,204,1121,101,173,124,1089,290,705,83,195,493,716,976,632,0
717,600,324,443,91,169,68,397,314,564,596,110,368,717,412,689,1
718,476,52,1063,76,163,124,1035,304,917,753,455,776,718,8,40,0
719,846,547,727,74,162,124,701,40,13,1158,46,213,719,672,503,0
720,374,117,603,65,159,124,585,305,1042,1029,276,586,720,570,96,1
721,545,363,466,97,157,124,399,246,848,1067,86,317,721,386,369,1
722,376,509,884,63,155,124,861,305,43,109,51,227,722,258,464,0
723,598,61,630,77,150,124,610,146,1100,1114,374,692,723,580,47,1
724,469,694,767,65,147,124,742,305,689,657,29,134,724,741,631,0
725,752,191,98,66,144,124,110,105,721,533,180,470,725,206,160,1
726,594,529,559,84,143,124,543,307,966,784,44,207,726,514,489,1
727,380,265,200,64,140,124,200,305,938,903,119,385,727,170,221,1
728,463,387,941,76,134,124,913,12,1080,1054,67,270,728,885,345,0
729,395,474,66,73,131,85,69,307,783,219,51,228,729,84,782,1
730,407,251,355,79,126,124,325,371,318,567,119,386,730,326,936,1
731,414,523,70,68,125,124,73,305,350,324,42,198,731,26,756,1
732,497,489,404,93,120,29,1303,29,14,391,46,212,732,372,451,0
733,451,473,1109,66,119,124,1079,305,749,877,48,222,733,1034,421,0
734,563,861,1237,76,117,124,1207,149,1026,1178,21,54,734,1170,955,0
735,381,411,271,89,113,56,269,588,1107,1121,53,234,735,282,501,1
736,492,262,448,78,112,124,434,579,939,1014,93,330,736,418,384,1
737,416,848,740,80,108,124,709,307,205,41,22,76,737,700,807,0
738,970,194,722,91,104,124,695,505,25,1180,135,412,738,646,727,0
739,399,611,754,77,102,124,729,366,344,175,30,139,739,735,880,0
740,369,210,695,90,96,51,666,308,827,777,115,378,740,639,175,1
741,419,138,659,92,95,124,636,332,1000,630,187,481,741,611,127,1
742,371,389,318,94,83,124,313,307,163,450,48,222,742,1219,778,1
743,489,385,823,96,79,124,796,246,57,205,46,214,743,779,568,0
744,536,168,286,100,77,124,284,246,44,984,121,390,744,276,155,1
745,490,567,914,96,71,124,889,307,897,971,28,127,745,850,671,0
746,837,81,726,91,64,124,697,452,384,1094,215,517,746,673,282,0
747,373,553,51,71,60,124,56,304,159,868,28,127,747,48,509,1
748,631,574,299,65,57,124,295,563,332,300,27,122,748,273,944,1
749,425,742,677,76,54,124,648,307,241,379,23,91,749,620,748,1
750,530,366,581,100,53,124,563,370,770,327,41,196,750,529,485,1
751,437,375,770,79,51,37,745,343,142,225,40,188,751,711,330,0
752,533,70,982,75,46,124,957,520,1004,1016,199,499,752,1254,53,0
753,518,101,62,77,40,124,65,307,1060,1020,131,408,753,68,213,1
754,528,219,426,79,38,23,418,307,390,571,55,238,754,397,180,1
755,647,122,712,80,34,124,687,307,207,972,96,337,755,679,652,0
756,604,15,550,88,23,13,534,307,984,1153,431,752,756,535,49,1
757,661,59,594,87,20,121,578,539,727,327,103,352,757,554,992,1
758,363,19,10,76,7,124,19,307,361,262,114,377,758,15,201,1
759,1216,905,1296,23,836,124,1256,337,464,171,194,484,759,1246,955,0
760,146,358,96,83,796,124,89,246,831,854,720,1045,760,102,315,1
761,1216,274,1099,7,750,124,1069,337,749,829,732,1055,761,1032,591,0
762,241,241,394,79,739,124,388,221,79,342,734,1059,762,376,758,1
763,271,871,298,91,721,124,294,246,365,176,145,424,763,272,899,1
764,320,654,434,83,709,124,426,380,51,471,387,704,764,428,625,1
765,262,365,91,79,706,124,104,311,6,957,633,958,765,93,481,1
766,283,854,407,86,655,124,405,307,579,503,112,373,766,378,951,1
767,96,359,1300,76,627,124,1266,307,160,211,547,872,767,1274,316,0
768,118,660,949,94,622,71,920,307,687,132,277,588,768,835,764,0
769,116,132,58,76,614,124,61,246,580,276,733,1058,769,64,108,1
770,107,877,496,60,580,124,465,577,923,1157,61,257,770,452,864,1
771,239,512,16,83,572,124,27,307,933,579,344,661,771,28,668,1
772,358,629,428,87,562,124,420,299,955,676,256,564,772,695,568,1
773,226,72,1070,93,559,4,1042,246,402,575,765,1090,773,986,55,0
774,323,392,17,89,556,124,26,293,199,188,443,764,774,29,349,1
775,158,334,986,92,535,124,948,246,1012,202,449,770,775,932,473,0
776,133,349,652,99,534,124,629,246,476,285,428,749,776,610,344,1
777,228,94,307,56,531,124,299,307,520,131,705,1030,777,223,77,1
778,110,971,278,64,526,124,277,74,120,1136,18,37,778,289,980,1
779,309,740,273,57,507,124,271,366,1057,883,117,382,779,252,683,1
780,35,959,607,69,504,124,589,307,690,686,22,71,780,564,978,1
781,7,730,1056,74,498,124,1031,307,690,654,117,382,781,983,668,0
782,351,960,637,62,494,124,615,273,623,153,21,52,782,766,962,0
783,291,326,1024,67,490,124,993,305,237,89,394,712,783,921,283,0
784,307,190,864,56,480,124,835,523,861,728,524,849,784,808,159,0
785,15,293,1049,63,458,124,1025,305,833,865,402,721,785,970,248,0
786,83,367,1205,84,457,69,1174,304,974,817,331,646,786,1137,532,0
787,67,688,768,63,445,124,743,305,865,850,111,372,787,707,624,0
788,294,113,452,83,444,124,439,280,59,113,606,931,788,420,107,1
789,244,308,432,98,440,124,423,246,644,138,356,673,789,413,383,1
790,302,933,833,58,431,124,806,307,1040,990,24,100,790,771,919,0
791,149,857,1238,82,421,124,1208,258,1006,939,34,166,791,1143,818,0
792,204,329,451,99,418,124,437,246,166,186,312,627,792,368,315,1
793,218,645,609,57,415,124,591,307,774,368,109,366,793,545,586,1
794,222,894,821,58,413,124,794,304,320,346,28,128,794,761,852,0
795,252,951,1225,69,410,124,1195,307,690,710,22,71,795,1144,1024,0
796,316,678,1157,57,404,124,1127,307,65,720,84,310,796,1068,615,0
797,196,853,574,84,403,124,557,305,61,620,32,156,797,522,865,1
798,353,510,166,60,400,124,171,311,371,506,184,477,798,133,465,1
799,296,695,552,98,399,63,536,246,999,69,76,288,799,510,723,1
800,117,126,463,89,394,55,448,307,759,671,515,839,800,939,115,1
801,99,43,81,67,393,124,80,304,561,887,719,1044,801,85,32,1
802,257,58,168,74,383,124,141,307,839,937,640,965,802,208,45,1
803,208,457,568,60,381,41,551,312,767,119,196,494,803,1228,410,0
804,250,875,1189,62,378,124,1157,254,114,246,28,131,804,1100,838,0
805,1216,96,980,25,374,14,955,337,473,480,567,877,805,945,209,0
806,276,263,186,75,368,124,186,450,590,829,308,623,806,145,663,1
807,270,605,1168,57,367,124,1137,307,751,504,97,340,807,1071,550,0
808,31,92,241,78,366,124,243,162,749,829,556,882,808,220,74,1
809,209,639,254,71,365,124,254,182,294,938,81,299,809,239,575,1
810,354,404,497,86,364,124,481,168,377,240,211,512,810,465,911,1
811,261,264,698,76,363,124,669,400,1001,932,298,612,811,641,219,1
812,216,619,306,83,361,124,302,308,586,662,87,320,812,236,568,1
813,91,226,1110,63,359,124,1080,307,354,448,325,640,813,998,187,0
814,343,676,101,71,358,124,90,556,610,830,64,262,814,115,612,1
815,266,46,1127,67,354,124,1095,310,660,564,678,1003,815,201,34,0
816,27,731,1268,80,353,124,1234,304,604,768,53,235,816,1181,670,0
817,253,803,587,60,349,124,569,301,641,561,37,174,817,538,744,1
818,306,985,1161,75,346,124,1131,490,832,843,10,19,818,483,996,0
819,19,663,558,56,345,124,542,307,194,857,64,263,819,511,601,1
820,242,116,7,65,344,124,7,308,568,618,472,795,820,11,95,1
821,44,589,1055,78,342,124,1030,304,1068,1065,89,324,821,977,538,0
822,1216,940,1098,50,340,124,1068,278,680,829,22,68,822,1021,926,0
823,93,761,957,76,332,124,928,229,309,540,42,199,823,1155,708,0
824,184,928,105,68,331,124,116,292,977,933,22,80,824,119,916,1
825,1216,874,1117,1,330,124,1086,337,749,290,27,110,825,1039,837,0
826,348,915,287,59,329,124,285,305,280,1000,23,94,826,261,891,1
827,145,301,1036,61,326,124,1013,369,694,1039,239,547,827,1041,258,0
828,318,185,1209,65,325,124,1177,298,408,552,340,656,828,1126,154,0
829,344,421,1219,102,323,124,1187,246,333,88,170,456,829,1118,471,0
830,326,257,361,90,321,15,361,261,90,63,273,582,830,314,244,1
831,341,299,1027,73,318,124,996,307,45,38,235,541,831,958,256,0
832,249,621,239,57,317,124,241,305,1113,1177,70,275,832,219,562,1
833,185,963,732,57,316,124,704,247,420,709,14,23,833,667,968,0
834,163,38,512,66,314,124,495,307,684,680,688,1013,834,464,27,1
835,1216,934,357,26,313,124,355,337,510,580,22,58,835,287,921,1
836,225,911,1222,57,312,102,1171,305,690,686,23,91,836,1138,887,0
837,160,181,1131,66,307,124,1099,307,673,650,328,643,837,1048,150,0
838,90,192,477,69,303,124,459,208,649,402,307,621,838,433,161,1
839,153,516,534,61,302,124,516,305,717,377,101,347,839,490,474,1
840,356,78,721,58,300,124,694,305,165,602,503,827,840,670,61,1
841,224,162,678,76,299,124,649,304,1069,570,337,653,841,615,132,1
842,121,368,1017,68,297,124,986,307,253,418,182,474,842,917,325,0
843,32,494,623,56,294,124,603,307,710,892,109,365,843,574,449,1
844,14,927,1037,66,293,124,1014,307,749,686,22,71,844,681,915,0
845,20,414,329,80,292,124,332,316,1052,756,146,426,845,627,370,1
846,217,818,971,58,291,124,941,307,712,117,29,134,846,898,771,0
847,238,408,557,62,288,124,541,346,838,780,148,429,847,175,361,1
848,272,260,590,61,287,124,574,582,1054,1051,242,550,848,542,215,1
849,157,540,522,56,286,124,504,307,81,355,83,305,849,469,668,1
850,162,779,611,69,284,124,572,35,856,213,33,162,850,558,774,1
851,334,990,215,61,283,124,209,27,101,40,7,13,851,203,1008,1
852,360,234,540,61,275,124,528,305,1096,1113,252,559,852,732,194,1
853,1216,384,1278,37,274,124,1227,337,537,829,156,430,853,1196,868,0
854,180,290,323,65,273,124,318,307,941,1011,212,513,854,296,243,1
855,85,758,1299,56,269,124,1265,307,924,837,35,170,855,1273,703,0
856,114,846,1006,83,266,124,977,310,773,668,25,107,856,919,877,0
857,167,604,577,65,262,124,559,305,490,390,57,244,857,532,958,1
858,319,276,898,57,260,124,875,307,797,752,204,505,858,838,231,0
859,268,542,556,86,256,124,540,307,682,715,67,268,859,536,645,1
860,124,916,1171,62,255,124,1140,298,810,172,22,79,860,1108,892,0
861,182,754,981,64,247,124,956,384,745,545,33,163,861,1252,699,0
862,5,919,602,76,246,124,584,304,687,682,22,71,862,555,925,1
863,292,220,771,56,245,124,746,307,214,75,230,535,863,718,181,0
864,58,461,50,67,244,124,55,307,262,597,91,328,864,58,413,1
865,265,774,63,57,242,124,66,287,236,508,30,145,865,69,720,1
866,263,398,469,68,241,124,452,291,805,367,116,379,866,429,354,1
867,46,717,959,78,236,124,848,304,687,682,34,165,867,894,655,0
868,248,167,233,88,234,124,235,360,524,969,276,587,868,251,137,1
869,1216,25,498,47,233,124,483,337,645,305,700,1023,869,453,19,1
870,174,277,970,60,231,124,940,305,652,453,183,475,870,904,232,0
871,305,832,706,64,229,124,683,215,553,183,25,103,871,650,790,0
872,172,44,877,66,227,124,854,285,874,419,573,898,872,360,33,1
873,330,476,429,56,226,124,421,309,97,134,79,295,873,403,425,1
874,254,361,1247,62,225,109,1215,307,1044,849,128,402,874,1146,317,0
875,357,968,901,59,224,124,878,511,1008,1122,10,17,875,836,975,0
876,115,339,377,72,222,124,373,305,752,732,138,415,876,332,296,1
877,333,488,294,77,221,124,290,307,1024,889,74,285,877,1218,442,1
878,21,123,667,67,215,124,640,307,749,829,318,633,878,607,99,1
879,144,118,55,70,213,124,59,327,904,617,321,636,879,65,97,1
880,155,592,575,72,210,124,521,307,883,691,48,220,880,525,572,1
881,359,388,883,66,209,124,860,455,905,191,105,354,881,1250,347,0
882,84,505,214,68,207,124,208,305,690,655,66,267,882,202,460,1
883,139,163,387,60,205,124,381,307,972,829,265,573,883,351,133,1
884,166,538,751,58,204,124,726,307,219,733,57,242,884,688,497,0
885,190,465,938,66,201,124,910,317,711,626,73,284,885,896,416,0
886,136,261,639,68,195,124,617,307,968,1002,167,452,886,589,218,1
887,130,147,171,63,194,124,174,305,749,829,272,581,887,136,119,1
888,189,712,1146,78,193,124,1118,307,388,708,31,149,888,1105,646,0
889,159,246,673,86,190,124,644,16,31,6,176,462,889,616,632,1
890,113,533,269,69,189,124,266,305,1106,1132,54,237,890,265,492,1
891,281,396,303,64,186,124,298,305,617,81,87,321,891,284,352,1
892,1216,95,1069,12,184,124,1041,337,749,167,345,648,892,999,78,0
893,183,341,431,86,182,106,395,304,749,829,108,364,893,404,920,1
894,201,399,1086,64,181,124,1056,307,691,766,86,315,894,1018,355,0
895,337,354,697,76,179,72,668,73,413,1009,100,344,895,640,608,1
896,325,88,1010,57,178,124,980,551,1078,1030,355,672,896,948,68,0
897,62,626,256,56,177,124,221,307,542,1171,38,180,897,249,743,1
898,297,203,539,75,176,21,527,308,490,49,198,498,898,1129,169,0
899,295,413,903,79,174,124,842,307,875,1130,78,291,899,840,368,0
900,339,486,584,66,172,124,566,307,1015,967,61,258,900,505,469,1
901,267,251,116,89,171,124,127,43,144,615,159,442,901,95,500,1
902,152,166,826,68,170,124,799,312,272,362,227,531,902,763,136,0
903,38,989,226,58,168,124,228,4,29,3,5,7,903,215,1007,1
904,1216,233,453,41,167,124,389,337,409,8,174,457,904,363,225,1
905,219,309,969,60,166,124,939,307,158,477,113,376,905,909,268,0
906,1216,227,1040,19,165,124,1017,337,511,826,180,461,906,968,188,0
907,70,281,35,77,164,124,43,307,807,578,134,411,907,45,263,1
908,324,425,1068,63,161,124,1040,337,749,330,68,272,908,1000,376,0
909,200,160,227,64,160,124,229,305,766,922,223,527,909,233,131,1
910,287,318,1143,72,158,124,1114,256,681,472,104,353,910,1058,276,0
911,310,130,111,76,156,124,122,307,825,743,263,571,911,122,105,1
912,137,105,1221,59,154,124,1188,469,749,835,291,605,912,1136,85,0
913,72,338,158,60,153,124,136,305,794,248,90,327,913,194,294,1
914,347,522,1165,82,152,55,1135,160,834,189,48,217,914,692,480,0
915,327,41,562,81,151,5,546,297,412,436,501,825,915,524,29,1
916,321,618,793,76,149,124,767,289,849,707,35,172,916,0,560,1
917,275,450,1230,65,148,124,1200,307,569,706,60,249,917,1147,403,0
918,220,680,259,71,146,124,257,362,823,446,30,138,918,278,616,1
919,203,336,106,71,145,124,117,307,728,77,86,314,919,146,293,1
920,128,504,1095,56,142,124,1065,307,828,853,48,218,920,1026,459,0
921,313,893,1226,72,141,124,1196,250,124,845,20,47,921,1167,908,0
922,142,970,419,83,139,118,413,303,24,5,8,15,922,373,979,1
923,213,941,924,60,138,124,899,28,69,384,14,26,923,863,930,0
924,195,402,772,67,137,124,747,305,913,958,65,265,924,719,358,0
925,13,97,1264,68,136,124,1225,305,690,712,286,600,925,1179,80,0
926,211,482,674,73,135,124,645,307,488,301,50,226,926,622,435,1
927,1216,313,57,35,133,124,13,337,506,721,93,323,927,63,271,1
928,53,743,627,76,132,124,605,309,817,723,26,119,928,579,685,1
929,126,82,923,70,130,124,898,307,749,1117,302,616,929,862,65,0
930,1216,885,176,2,129,124,178,337,749,829,22,49,930,174,846,1
931,288,268,1079,67,128,124,1003,299,279,787,109,367,931,1015,224,0
932,336,755,1003,62,127,124,974,171,597,572,26,111,932,918,802,0
933,120,423,685,86,124,124,656,399,10,220,57,241,933,629,374,1
934,232,866,363,78,123,124,360,307,687,71,22,71,934,353,829,1
935,192,479,281,65,122,124,279,305,259,339,47,215,935,267,426,1
936,24,256,479,98,121,124,461,304,677,828,113,375,936,437,315,1
937,240,644,312,81,118,124,305,303,688,531,29,135,937,292,585,1
938,29,362,201,69,116,30,201,307,793,256,63,261,938,163,319,1
939,103,576,865,69,115,124,836,305,871,822,33,162,939,809,530,0
940,194,776,305,60,114,124,301,307,1050,686,24,101,940,232,840,1
941,143,5,4,87,111,0,4,307,800,130,872,1197,941,5,4,1
942,34,702,1243,68,110,124,1192,307,878,704,26,117,942,1156,637,0
943,95,491,110,65,109,124,121,305,930,776,41,195,943,121,445,1
944,175,332,276,80,107,124,274,432,909,267,66,266,944,293,321,1
945,300,733,1001,80,106,124,972,307,1014,1125,25,105,945,937,674,0
946,230,730,326,79,105,124,320,304,1013,829,25,105,946,333,668,1
947,322,485,100,79,103,124,112,304,325,942,41,191,947,114,438,1
948,255,218,1223,85,101,124,1189,453,947,851,110,370,948,1116,178,0
949,111,484,636,74,100,124,613,307,690,683,40,190,949,588,437,1
950,82,497,536,69,99,124,524,305,787,805,39,185,950,502,456,1
951,350,22,301,60,98,124,224,307,690,682,593,918,951,275,318,1
952,293,416,1082,77,97,124,1053,50,78,520,48,221,952,974,371,0
953,134,244,533,69,94,124,514,305,925,871,92,329,953,485,203,1
954,312,45,1178,87,93,124,1147,304,48,65,389,707,954,1091,90,0
955,66,881,179,62,92,124,181,135,283,510,18,41,955,150,844,1
956,329,559,1084,63,91,124,1055,269,992,260,32,159,956,1017,516,0
957,51,646,412,73,90,124,393,307,690,641,27,121,957,389,588,1
958,1216,584,1142,17,89,124,1108,337,749,632,31,144,958,1057,533,0
959,299,419,954,68,88,124,925,305,819,407,45,208,959,890,372,0
960,1216,675,1067,40,87,124,1039,337,612,766,26,113,960,996,607,0
961,64,492,506,68,86,124,490,307,830,687,37,176,961,463,446,1
962,1216,306,548,46,85,124,515,337,623,639,63,260,962,489,265,1
963,340,783,202,90,84,124,97,305,771,215,23,92,963,164,877,1
964,45,316,672,99,82,124,643,246,1090,1166,60,251,964,621,274,1
965,1216,174,314,52,81,124,310,243,634,129,126,400,965,795,145,1
966,215,672,446,98,80,124,1309,246,803,107,25,108,966,417,754,0
967,315,305,28,72,78,124,36,307,91,295,59,248,967,36,755,1
968,335,548,1227,75,76,98,1197,305,177,154,30,141,968,1161,833,0
969,231,164,926,69,75,124,901,307,690,679,120,388,969,833,134,0
970,154,766,1011,98,74,124,981,304,503,106,23,90,970,946,841,0
971,317,131,734,76,73,124,706,351,650,210,157,440,971,677,106,1
972,150,572,710,71,72,124,685,307,973,824,28,127,972,660,527,1
973,264,170,1321,71,70,124,1288,305,749,683,108,364,973,1291,143,0
974,26,119,606,71,69,124,588,305,749,763,161,444,974,568,111,1
975,1216,186,802,20,68,124,713,337,554,429,99,336,975,742,209,0
976,178,471,382,77,67,124,95,8,267,333,34,165,976,155,420,1
977,8,8,689,84,66,2,660,307,691,271,826,1151,977,635,7,1
978,1216,87,867,49,65,124,838,278,744,667,213,514,978,811,67,0
979,1216,693,384,53,63,124,327,233,655,127,24,99,979,348,630,1
980,151,285,1305,73,62,124,1274,307,168,112,58,245,980,1299,241,0
981,188,31,1273,63,61,124,1240,33,754,876,415,735,981,1182,23,0
982,304,370,224,69,59,124,226,307,289,382,42,198,982,211,327,1
983,214,748,635,81,58,124,612,307,1091,229,23,91,983,590,691,1
984,50,75,376,79,56,124,372,307,916,470,217,521,984,342,305,1
985,102,531,191,85,55,124,192,300,335,504,29,136,985,154,490,1
986,1216,750,596,30,52,124,580,337,467,31,23,87,986,1198,695,0
987,156,30,1133,65,50,124,1101,305,682,653,391,709,987,971,22,0
988,47,456,916,64,49,40,844,304,687,157,32,157,988,853,424,0
989,279,253,1188,82,48,124,1156,569,496,114,58,245,989,1107,777,0
990,112,128,350,68,47,124,350,305,842,234,121,392,990,317,102,1
991,105,988,373,84,45,124,370,418,22,945,2,3,991,331,1006,1
992,74,85,109,81,44,124,120,307,687,435,172,459,992,120,73,1
993,1216,42,1091,39,43,124,1061,337,599,544,295,607,993,969,42,0
994,61,237,624,76,42,124,1312,307,1009,980,54,237,994,575,196,0
995,62,310,1181,88,41,32,1149,304,1077,896,40,190,995,1092,269,0
996,1216,133,962,33,39,124,932,337,705,901,101,338,996,902,121,0
997,69,50,1294,72,37,124,1263,307,648,419,225,529,997,1243,38,0
998,127,188,1038,66,36,124,1015,548,1092,633,62,259,998,963,157,0
999,0,255,546,80,35,124,531,475,1023,890,45,210,999,508,210,1
1000,98,217,745,80,33,124,720,304,191,286,51,228,1000,709,776,0
1001,207,745,1043,64,32,124,1020,307,690,829,22,71,1001,997,687,0
1002,289,568,871,63,31,124,841,305,689,686,24,101,1002,816,525,0
1003,52,380,544,67,30,124,518,257,835,52,30,142,1003,499,340,1
1004,183,177,330,87,29,124,321,305,477,443,58,245,1004,299,148,1
1005,1216,7,1016,44,28,124,950,337,630,169,804,1129,1005,950,6,0
1006,258,427,170,81,27,124,173,307,1003,513,27,121,1006,1163,589,1
1007,332,561,798,93,26,124,772,427,936,936,23,96,1007,733,518,0
1008,338,112,1078,85,25,124,1050,307,37,79,73,282,1008,1014,92,0
1009,101,340,521,92,24,28,503,144,34,1064,29,137,1009,468,302,1
1010,94,135,834,75,22,124,807,305,749,226,61,258,1010,772,227,0
1011,331,74,282,81,21,124,280,307,749,949,87,321,1011,259,101,1
1012,43,39,217,78,19,124,211,162,605,997,191,488,1012,790,74,1
1013,18,200,245,79,18,124,219,162,18,186,34,164,1013,225,230,1
1014,256,0,947,82,17,124,918,506,923,383,893,1218,1014,752,0,0
1015,1216,12,1262,15,16,124,1229,337,749,128,474,780,1015,1183,10,0
1016,2,92,713,78,15,124,688,162,282,829,52,232,1016,654,209,1
1017,223,108,402,80,14,124,403,307,173,385,44,206,1017,371,856,1
1018,17,54,1080,90,13,124,1051,306,1088,829,76,289,1018,1016,63,0
1019,161,111,912,72,12,124,887,305,956,806,38,180,1019,848,322,0
1020,164,11,438,69,11,14,429,307,92,142,377,695,1020,1241,15,1
1021,221,37,1204,91,10,53,1173,304,953,17,105,355,1021,1122,578,0
1022,100,965,1129,71,9,124,1096,546,74,934,1,2,1022,1088,971,0
1023,28,269,360,67,8,124,358,305,1050,1042,24,101,1023,323,750,1
1024,278,51,362,82,6,43,359,309,627,627,31,148,1024,335,326,1
1025,1216,240,748,9,5,124,723,337,749,829,22,50,1025,718,912,0
1026,1216,180,531,8,4,124,513,337,749,352,20,46,1026,449,879,1
1027,3,768,441,86,3,124,431,237,509,40,5,8,1027,410,869,1
1028,125,23,228,76,2,67,230,307,1036,1022,30,143,1028,216,722,1
1029,1216,35,487,27,1,68,473,337,547,12,22,60,1029,441,734,1
1030,251,21,53,90,0,104,58,307,687,683,22,71,1030,61,907,1
1031,1202,955,74,90,999,124,17,259,592,595,754,1079,1031,80,955,1
1032,1198,955,320,102,999,124,315,194,749,829,527,852,1032,248,877,1
1033,1184,955,131,102,999,70,148,231,95,97,853,1178,1033,105,1019,1
1034,1172,955,420,101,999,116,414,483,143,1119,324,639,1034,426,938,1
1035,1162,955,921,101,999,124,845,152,611,358,831,1156,1035,39,498,1
1036,1150,955,563,99,999,124,520,220,364,1012,794,1119,1036,534,433,1
1037,1134,955,866,92,999,124,837,141,479,234,737,1062,1037,810,747,0
1038,1131,955,267,67,999,124,265,64,89,45,763,1088,1038,245,648,1
1039,1120,955,992,93,999,33,964,473,558,736,859,1184,1039,926,264,0
1040,1118,955,838,97,999,124,811,265,408,921,621,946,1040,780,541,0
1041,1111,955,491,75,999,124,476,292,532,512,818,1143,1041,471,819,1
1042,1086,955,162,99,999,124,138,140,416,1128,808,1133,1042,190,496,1
1043,1074,955,503,76,999,124,487,347,516,360,829,1154,1043,474,692,1
1044,1051,955,436,100,999,124,427,156,500,334,203,504,1044,1106,877,0
1045,1043,955,1275,100,999,124,1226,301,379,228,667,992,1045,1184,826,0
1046,1041,955,467,101,999,124,438,149,153,829,182,472,1046,651,894,1
1047,1032,955,208,101,999,124,98,303,667,600,888,1213,1047,176,1019,1
1048,1028,955,1042,95,999,124,1019,206,545,424,873,1198,1048,91,1019,0
1049,1024,955,1159,100,999,124,1129,259,788,862,753,1078,1049,1265,1019,0
1050,1021,955,644,94,999,124,622,110,760,88,199,500,1050,1231,953,0
1051,1017,955,642,90,999,124,620,522,928,1037,139,417,1051,594,1019,1
1052,1016,955,192,100,999,124,193,228,284,252,545,870,1052,159,668,1
1053,994,955,729,90,999,124,676,115,162,954,570,895,1053,663,877,0
1054,988,955,29,85,999,124,37,398,722,193,847,1172,1054,27,481,1
1055,986,955,386,102,999,124,380,246,719,829,475,797,1055,350,811,1
1056,983,955,30,95,999,124,38,246,847,310,711,1036,1056,41,816,1
1057,974,955,210,97,999,124,100,576,36,1187,237,544,1057,184,451,1
1058,953,955,209,97,999,124,99,465,87,102,868,1193,1058,177,1019,1
1059,936,955,1093,86,999,124,1063,253,824,498,448,769,1059,1230,508,0
1060,928,955,285,100,999,124,283,461,525,227,167,453,1060,1217,672,1
1061,914,955,573,76,999,124,556,151,472,625,379,697,1061,500,1019,1
1062,909,955,961,101,999,124,931,402,360,829,463,786,1062,903,668,0
1063,903,955,1025,97,999,124,994,558,517,1072,891,1216,1063,943,1019,0
1064,902,955,189,100,999,124,93,246,167,420,165,450,1064,1148,933,1
1065,900,955,517,103,999,124,467,0,140,1168,108,362,1065,467,666,1
1066,898,955,629,96,999,124,606,437,784,612,702,1027,1066,583,805,1
1067,896,955,397,101,999,55,390,152,870,326,760,1085,1067,365,619,1
1068,891,955,89,74,999,103,88,545,869,20,18,43,1068,92,1018,1
1069,890,955,49,102,999,124,11,315,716,108,162,445,1069,957,697,1
1070,880,955,933,104,999,124,905,41,1055,829,450,771,1070,875,774,0
1071,871,955,1202,91,999,124,1167,245,393,344,549,874,1071,1119,1019,0
1072,847,955,165,95,999,124,140,494,559,179,446,767,1072,173,934,1
1073,835,955,801,93,999,118,712,53,247,216,99,343,1073,736,943,0
1074,834,955,349,100,999,124,349,181,559,786,481,803,1074,357,83,1
1075,833,955,915,102,999,124,890,264,178,34,260,568,1075,856,877,0
1076,820,955,553,101,999,124,537,568,38,962,675,1000,1076,513,216,1
1077,814,955,1255,64,999,124,1194,42,171,601,63,261,1077,1145,806,0
1078,797,955,475,96,999,124,457,20,82,7,683,1008,1078,434,877,1
1079,796,955,1126,91,999,124,1094,246,288,293,758,1083,1079,1046,28,0
1080,794,955,1149,72,999,124,1120,46,35,39,574,899,1080,1074,847,0
1081,792,955,33,95,999,124,41,538,430,244,386,703,1081,43,214,1
1082,789,955,138,79,999,124,156,98,867,207,866,1191,1082,197,1019,1
1083,788,955,1322,100,999,33,1286,107,353,853,710,1035,1083,1300,260,0
1084,781,955,19,63,999,124,28,410,1104,1159,120,387,1084,40,990,1
1085,779,955,490,99,999,124,475,234,387,599,339,655,1085,470,747,1
1086,771,955,460,97,999,124,446,353,146,1092,520,844,1086,394,74,1
1087,769,955,137,96,999,124,155,246,826,1175,133,410,1087,187,568,1
1088,768,955,1089,100,999,124,1059,246,926,941,241,549,1088,1020,877,0
1089,755,955,885,102,999,124,864,246,337,829,122,394,1089,834,644,0
1090,753,955,810,101,999,124,780,246,370,23,348,664,1090,1195,431,0
1091,746,955,765,83,999,124,740,383,457,527,124,398,1091,708,668,0
1092,740,955,187,101,999,124,189,304,860,815,413,732,1092,161,483,1
1093,738,955,288,95,999,124,222,454,575,314,630,955,1093,260,297,1
1094,733,955,23,103,999,124,31,578,1086,35,638,963,1094,35,36,1
1095,726,955,393,73,999,124,386,319,232,1046,54,236,1095,336,960,1
1096,722,955,1059,97,999,124,1001,246,220,975,254,561,1096,987,1019,0
1097,720,955,869,98,999,124,839,302,700,144,375,693,1097,815,668,0
1098,708,955,818,100,999,124,786,441,556,609,42,200,1098,759,618,0
1099,700,955,1111,84,999,124,1005,416,299,1082,620,945,1099,1035,668,0
1100,699,955,747,76,999,124,722,244,471,372,879,1204,1100,715,74,0
1101,698,955,1015,87,999,124,985,306,234,0,22,69,1101,1258,973,0
1102,697,955,351,80,999,124,351,58,130,217,489,812,1102,318,1019,1
1103,696,955,198,96,999,124,96,361,862,809,695,1020,1103,157,825,1
1104,687,955,739,94,999,124,715,79,689,72,701,1026,1104,699,138,0
1105,684,955,1312,88,999,124,1278,26,68,61,285,598,1105,1285,1019,0
1106,678,955,447,88,999,124,433,256,776,817,823,1148,1106,385,315,1
1107,659,955,435,93,999,124,425,378,200,999,347,663,1107,428,1019,1
1108,658,955,139,100,999,124,157,246,1043,60,72,277,1108,182,451,1
1109,654,955,621,101,999,124,600,246,987,24,61,252,1109,573,433,1
1110,653,955,889,72,999,124,866,584,873,1135,310,625,1110,831,1019,0
1111,640,955,1062,100,999,124,1002,116,47,73,107,359,1111,989,568,0
1112,635,955,37,67,999,124,44,148,398,268,179,468,1112,60,1019,1
1113,634,955,543,73,999,124,517,223,118,541,129,404,1113,497,941,1
1114,630,955,1031,74,999,58,1009,534,1085,960,38,178,1114,993,1019,0
1115,629,955,724,97,999,124,696,197,474,713,44,205,1115,674,639,0
1116,628,955,1139,75,999,124,1107,6,465,47,22,71,1116,1061,1019,0
1117,625,955,518,68,999,124,500,32,1059,779,231,536,1117,473,200,1
1118,624,955,665,92,999,124,1317,285,664,275,425,746,1118,605,668,0
1119,617,955,1199,102,999,124,1165,246,46,829,25,109,1119,1114,877,0
1120,614,955,1260,74,999,124,1224,305,896,702,164,447,1120,1178,1019,0
1121,613,955,353,93,999,70,324,587,765,198,78,293,1121,319,555,1
1122,610,955,1184,101,999,124,1152,246,159,235,809,1134,1122,1096,31,0
1123,609,955,1156,71,999,124,1126,307,689,1083,780,1105,1123,1069,668,0
1124,605,955,776,88,999,124,751,291,948,13,155,438,1124,712,500,0
1125,599,955,872,75,999,124,849,305,714,474,306,620,1125,828,987,0
1126,597,955,118,97,999,55,142,62,40,398,64,263,1126,180,439,1
1127,596,955,1034,94,999,7,1011,14,952,717,616,941,1127,1008,147,0
1128,595,955,358,100,999,124,356,253,659,568,679,1004,1128,325,441,1
1129,588,955,258,97,999,124,256,262,131,730,779,1104,1129,304,58,1
1130,585,955,1249,101,999,124,1217,255,945,1139,94,332,1130,1158,877,0
1131,582,955,1051,62,999,124,1027,17,415,323,38,179,1131,960,1019,0
1132,575,955,501,89,999,124,485,307,963,988,349,665,1132,128,168,1
1133,573,955,391,95,999,124,384,571,251,184,26,117,1133,361,1019,1
1134,569,955,1274,93,999,124,1241,247,49,400,353,670,1134,1192,668,0
1135,564,955,812,90,999,100,790,302,702,138,22,75,1135,751,836,0
1136,559,955,890,86,999,124,867,304,690,1160,22,71,1136,827,1019,0
1137,549,955,1254,64,999,124,1221,307,53,1069,759,1084,1137,1166,1019,0
1138,548,955,1113,61,999,124,1082,197,749,622,517,841,1138,990,825,0
1139,538,955,656,80,999,29,633,305,212,80,886,1211,1139,1244,451,0
1140,534,955,88,101,999,124,87,246,526,94,550,875,1140,90,432,1
1141,529,955,897,100,999,124,874,364,66,90,142,420,1141,858,331,0
1142,526,955,1100,102,999,124,1070,393,638,135,444,765,1142,1030,64,0
1143,525,955,813,98,999,124,791,565,1011,46,431,752,1143,776,524,0
1144,522,955,625,98,999,124,1311,246,1005,124,67,269,1144,576,451,0
1145,510,955,1155,87,999,124,1124,304,437,247,721,1046,1145,1066,70,0
1146,506,955,935,72,999,124,907,305,1034,793,61,253,1146,876,997,0
1147,502,955,868,90,999,86,820,476,374,397,22,82,1147,814,827,0
1148,500,955,1259,99,999,124,1223,330,72,164,73,283,1148,1177,363,0
1149,499,955,576,62,999,124,558,307,107,787,151,434,1149,530,1019,1
1150,486,955,38,70,999,124,45,305,695,872,836,1161,1150,13,756,1
1151,485,955,1118,66,999,124,1087,83,399,263,0,0,1151,982,965,0
1152,474,955,934,72,999,124,906,307,573,341,442,763,1152,495,997,0
1153,462,955,586,85,999,124,568,307,843,250,43,203,1153,708,774,1
1154,460,955,1282,77,999,124,1247,307,698,678,22,73,1154,1199,1019,0
1155,456,955,1272,92,999,124,1239,468,1064,1044,59,247,1155,1191,668,0
1156,447,955,15,89,999,124,24,533,782,140,299,613,1156,18,609,1
1157,443,955,756,79,999,124,732,307,1058,1131,216,518,1157,690,378,0
1158,439,955,1119,101,999,124,1296,96,702,1075,209,510,1158,1040,747,0
1159,433,955,505,86,999,124,489,304,690,546,63,261,1159,456,1019,1
1160,429,955,1319,79,999,124,1285,234,577,427,226,530,1160,1279,295,0
1161,427,955,68,89,999,124,71,267,401,1151,137,414,1161,74,1019,1
1162,423,955,1215,91,999,124,1183,30,602,209,25,104,1162,1132,1019,0
1163,422,955,595,99,999,124,579,246,215,371,432,754,1163,544,254,1
1164,405,955,333,80,999,124,335,307,30,1077,284,597,1164,301,1019,1
1165,401,955,1064,58,999,124,1036,305,1021,1167,150,433,1165,991,1019,0
1166,394,955,95,59,999,124,107,88,738,611,7,14,1166,97,1019,1
1167,393,955,410,69,999,124,392,383,780,515,267,575,1167,383,167,1
1168,390,955,1018,68,999,124,987,307,444,638,57,243,1168,951,1019,0
1169,386,955,917,101,999,124,891,246,769,513,26,114,1169,852,1000,0
1170,382,955,1220,80,999,124,1170,275,955,909,28,132,1170,1134,1019,0
1171,370,955,454,95,999,124,440,246,254,120,4,5,1171,381,1006,1
1172,366,955,800,61,999,124,774,307,1084,1112,78,294,1172,731,506,0
1173,355,955,804,93,999,124,776,246,293,59,214,516,1173,697,668,0
1174,352,955,1020,95,999,124,989,307,17,18,22,71,1174,952,1019,0
1175,349,955,238,99,999,124,240,246,401,48,224,528,1175,219,668,1
1176,346,955,909,86,999,73,885,304,820,361,38,180,1176,994,1019,0
1177,345,955,291,84,999,124,287,391,2,22,9,16,1177,263,949,1
1178,342,955,617,84,999,124,596,307,1056,1018,38,180,1178,557,467,1
1179,328,955,1269,65,999,124,1235,304,687,336,35,170,1179,1200,1019,0
1180,314,955,84,68,999,124,83,307,359,769,229,533,1180,87,1019,1
1181,311,955,856,102,999,124,1321,246,401,829,423,743,1181,801,787,0
1182,308,955,702,75,999,124,680,305,12,9,39,182,1182,648,974,0
1183,303,955,471,96,999,124,1310,246,9,133,22,81,1183,430,794,0
1184,301,955,1177,74,999,124,1145,303,108,135,24,102,1184,1089,545,0
1185,298,955,1075,82,999,124,1047,162,846,866,255,563,1185,1006,315,0
1186,290,955,666,65,999,124,639,307,690,762,43,203,1186,606,534,1
1187,286,955,265,69,999,124,263,305,582,659,102,349,1187,243,1019,1
1188,285,955,499,63,999,124,482,549,1083,1061,23,86,1188,450,1019,1
1189,284,955,8,81,999,124,8,305,965,627,48,222,1189,12,796,1
1190,282,955,322,91,999,124,317,307,687,165,23,91,1190,295,1019,1
1191,280,955,93,94,999,124,106,307,191,196,26,117,1191,172,568,1
1192,277,955,950,90,999,124,921,309,898,636,22,61,1192,882,1019,0
1193,274,955,605,98,999,124,587,304,1020,590,27,121,1193,553,1019,1
1194,273,955,703,76,999,124,672,307,749,1096,30,140,1194,675,1019,0
1195,269,955,183,91,999,124,187,246,424,530,749,1074,1195,149,39,1
1196,260,955,963,61,999,124,933,307,761,829,462,785,1196,905,955,0
1197,259,955,1022,97,999,124,991,307,1022,297,72,278,1197,954,1019,0
1198,247,955,315,74,999,124,311,123,56,121,45,209,1198,903,1019,1
1199,246,955,213,64,999,124,207,252,113,543,169,455,1199,200,59,1
1200,245,955,87,65,999,124,86,307,690,673,153,436,1200,89,1019,1
1201,243,955,472,102,999,124,454,246,26,829,287,601,1201,431,639,1
1202,237,955,705,72,999,124,681,307,690,869,36,173,1202,644,1019,0
1203,236,955,976,61,999,124,951,269,263,190,7,12,1203,916,1019,0
1204,235,955,520,71,999,55,502,388,749,136,42,198,1204,475,1019,1
1205,234,955,790,67,999,124,764,307,690,683,25,105,1205,727,1019,0
1206,233,955,681,57,999,124,652,307,689,829,22,71,1206,623,998,0
1207,229,955,47,57,999,124,53,305,17,159,22,71,1207,56,1019,1
1208,227,955,973,63,999,124,943,307,587,587,69,273,1208,1251,1019,0
1209,212,955,610,93,999,6,571,304,951,270,257,565,1209,549,1019,1
1210,210,955,123,78,999,124,143,295,578,1028,50,225,1210,207,1019,1
1211,206,955,1,95,999,124,1,246,1103,199,39,183,1211,1,315,1
1212,205,955,779,67,999,124,711,305,777,508,48,222,1212,717,1019,0
1213,202,955,416,56,999,124,410,307,690,714,320,635,1213,392,1019,1
1214,199,955,640,92,999,124,618,307,1049,1042,24,101,1214,593,1019,1
1215,198,955,272,95,999,56,270,304,431,524,52,231,1215,283,676,1
1216,197,955,1151,72,999,124,1121,5,7,33,22,74,1216,1065,1019,0
1217,193,955,86,79,999,124,85,307,96,283,24,101,1217,20,1019,1
1218,191,955,709,80,999,124,682,307,1028,699,22,66,1218,653,1019,0
1219,187,955,400,99,999,124,1302,246,1081,1182,49,223,1219,369,451,0
1220,186,955,328,69,999,124,331,305,1033,1056,31,150,1220,329,417,1
1221,181,955,645,100,999,124,623,246,401,76,34,169,1221,604,275,1
1222,179,955,893,87,999,124,870,307,749,686,22,71,1222,704,851,0
1223,177,955,753,78,999,124,728,307,902,774,31,151,1223,689,566,0
1224,176,955,390,64,999,124,383,305,547,465,40,190,1224,359,1019,1
1225,173,955,998,81,999,124,949,585,879,781,31,150,1225,933,741,0
1226,171,955,984,75,999,124,958,307,690,494,22,71,1226,922,1019,0
1227,170,955,12,72,999,124,21,307,858,991,23,85,1227,19,1019,1
1228,169,955,484,91,999,124,470,246,401,222,50,224,1228,445,433,1
1229,168,955,45,66,999,124,51,540,894,230,58,246,1229,54,634,1
1230,165,955,591,84,999,101,575,3,687,101,22,72,1230,543,780,1
1231,148,955,566,69,999,124,549,307,749,1176,52,230,1231,517,640,1
1232,147,955,1162,80,999,124,1132,307,815,683,25,105,1232,1268,1019,0
1233,141,955,493,82,999,124,478,163,1099,1043,100,345,1233,443,884,1
1234,140,955,1208,64,999,124,1169,305,690,686,22,71,1234,1124,1019,0
1235,138,955,1176,82,999,124,1146,307,749,645,327,642,1235,1090,17,0
1236,135,955,253,83,999,124,253,307,690,521,24,101,1236,238,1019,1
1237,132,955,180,81,999,124,182,334,531,321,30,146,1237,139,1019,1
1238,131,955,820,74,999,124,1320,307,311,1040,276,585,1238,755,1019,0
1239,129,955,1128,95,999,124,1097,246,686,86,315,630,1239,1049,622,0
1240,123,955,489,96,999,124,464,294,942,488,84,308,1240,442,804,1
1241,122,955,413,97,999,124,1307,244,401,26,72,279,1241,390,433,0
1242,119,955,1134,59,999,124,1102,307,1063,616,881,1206,1242,1052,1019,0
1243,119,955,1148,74,999,124,1119,307,690,683,23,91,1243,1063,788,0
1244,109,955,103,57,999,124,114,428,732,233,38,177,1244,117,1019,1
1245,108,955,482,97,999,124,400,246,401,1115,6,9,1245,439,1006,1
1246,106,955,504,58,999,124,488,509,0,1,7,11,1246,455,999,1
1247,104,955,1167,99,999,124,1110,246,491,78,277,589,1247,1075,584,0
1248,97,955,1301,99,999,29,1267,246,19,1019,73,280,1248,1275,451,0
1249,92,955,682,78,999,124,653,301,584,1173,22,62,1249,624,1019,0
1250,89,955,569,81,999,124,552,307,893,57,282,595,1250,537,756,1
1251,88,955,515,65,999,124,498,305,192,162,26,117,1251,466,1019,1
1252,87,955,369,101,999,124,367,246,401,278,32,154,1252,479,668,1
1253,86,955,1277,90,999,50,1243,304,749,858,24,101,1253,1194,1019,0
1254,81,955,424,94,999,124,1308,246,785,436,22,83,1254,398,639,0
1255,80,955,321,66,999,124,316,305,840,277,35,170,1255,294,1019,1
1256,79,955,991,75,999,124,963,307,55,105,33,162,1256,929,549,0
1257,78,955,972,60,999,124,942,307,690,683,38,180,1257,901,1019,0
1258,77,955,780,82,999,124,754,304,749,682,24,101,1258,694,885,0
1259,76,955,1047,60,999,124,998,305,690,911,27,121,1259,978,1019,0
1260,75,955,1302,76,999,124,1268,275,195,1108,20,48,1260,1276,1019,0
1261,73,955,571,74,999,124,554,307,687,646,22,71,1261,520,897,1
1262,71,955,744,91,999,124,719,307,657,912,613,938,1262,683,222,0
1263,68,955,379,61,999,124,375,307,922,315,27,120,1263,343,1019,1
1264,65,955,661,76,999,124,638,304,749,669,484,807,1264,612,1019,1
1265,63,955,500,72,999,124,484,307,357,376,110,369,1265,125,976,1
1266,62,955,1147,80,999,124,1117,305,749,639,245,553,1266,1083,72,0
1267,60,955,620,59,999,124,599,307,763,986,220,524,1267,572,1019,1
1268,59,955,643,56,999,124,621,260,210,56,11,20,1268,585,1001,1
1269,57,955,359,70,999,124,357,305,734,683,77,290,1269,306,476,1
1270,56,955,156,84,999,124,168,1,5,11,14,28,1270,132,912,1
1271,55,955,718,71,999,124,691,305,749,1041,24,101,1271,661,1019,0
1272,54,955,1163,70,999,124,1133,305,1093,985,25,105,1272,1062,1019,0
1273,49,955,1000,70,999,124,971,405,749,829,75,287,1273,936,228,0
1274,48,955,530,66,999,124,511,305,690,350,37,176,1274,484,1019,1
1275,42,955,1203,73,999,124,1168,307,690,647,34,165,1275,491,1019,0
1276,41,955,1290,79,999,124,1253,307,706,70,714,1039,1276,1222,12,0
1277,40,955,942,70,999,124,914,362,967,981,37,176,1277,881,1019,0
1278,39,955,102,79,999,124,113,307,855,507,33,161,1278,116,434,1
1279,37,955,1287,64,999,124,1259,305,1047,947,251,558,1279,1206,1019,0
1280,36,955,244,74,999,124,218,307,837,799,36,173,1280,222,1019,1
1281,33,955,1014,73,999,124,984,305,856,884,57,244,1281,947,139,0
1282,30,955,886,69,999,124,862,307,749,829,22,71,1282,823,1019,0
1283,25,955,1173,72,999,124,1142,307,879,514,31,150,1283,1087,1019,0
1284,23,955,592,73,999,124,576,307,946,1041,27,121,1284,547,1019,1
1285,22,955,195,62,999,124,196,241,749,894,22,77,1285,118,1019,1
1286,16,955,1186,74,999,124,1154,304,793,829,113,375,1286,1097,1019,0
1287,14,955,794,77,999,124,768,307,687,829,22,71,1287,728,1019,0
1288,12,955,654,79,999,124,631,304,950,513,85,312,1288,1230,1019,0
1289,12,955,1297,90,999,124,1257,304,749,686,22,71,1289,1263,1019,0
1290,11,955,940,88,999,92,912,304,20,27,22,71,1290,878,1019,0
1291,10,955,860,69,999,124,831,305,888,829,30,140,1291,804,528,0
1292,9,955,554,74,999,124,538,307,749,683,22,71,1292,501,867,1
1293,6,955,1224,80,999,124,1190,337,85,1155,35,170,1293,1141,1019,0
1294,5,955,1029,76,999,124,1007,307,749,686,22,71,1294,1262,843,0
1295,5,955,52,84,999,124,57,307,749,683,22,71,1295,59,1019,1
1296,4,955,1283,71,999,124,1248,337,510,395,332,647,1296,1187,291,0
1297,1,955,151,90,999,124,91,307,749,685,362,679,1297,451,1019,1
1298,1216,955,1231,14,999,124,1201,337,749,32,22,51,1298,1151,1019,0
1299,1216,955,538,13,999,124,526,337,749,463,94,319,1299,515,1019,1
1300,1216,955,124,3,999,124,132,337,749,16,3,4,1300,754,1019,1
1301,1216,955,319,34,999,124,314,337,508,577,22,57,1301,224,835,1
1302,1216,955,411,18,999,124,407,337,749,551,246,543,1302,388,1019,1
1303,1216,955,1052,21,999,124,1028,337,536,115,182,463,1303,980,649,0
1304,1216,955,345,11,999,124,345,337,749,829,434,733,1304,311,1019,1
1305,1216,955,240,22,999,124,242,337,538,591,22,59,1305,246,1019,1
1306,1216,955,1286,55,999,124,1251,277,678,829,22,67,1306,1204,1019,0
1307,1216,955,861,31,999,124,832,337,496,751,42,192,1307,806,1019,0
1308,1216,955,115,36,999,124,126,337,513,467,53,229,1308,94,1019,1
1309,1216,955,952,24,999,124,923,337,482,204,175,449,1309,887,1019,0
1310,1216,955,848,6,999,124,817,337,749,299,63,250,1310,792,1019,0
1311,1216,955,1030,29,999,124,1008,337,467,557,22,56,1311,975,1019,0
1312,1216,955,920,32,999,124,896,337,495,812,23,88,1312,860,1019,0
1313,1216,955,1094,5,999,124,1064,337,749,585,32,147,1313,1023,430,0
1314,1216,955,853,38,999,124,825,337,543,547,383,686,1314,798,323,0
1315,1216,955,907,45,999,124,883,337,622,53,22,64,1315,830,1019,0
1316,1216,955,1153,0,999,124,1123,337,749,829,22,44,1316,1067,1003,0
1317,1216,955,1324,42,999,124,1273,337,629,264,105,351,1317,1297,251,0
1318,1216,955,173,4,999,124,92,337,749,414,786,1106,1318,137,757,1
1319,1216,955,1198,28,999,124,1164,337,3,4,36,171,1319,1111,570,0
1320,1216,955,902,51,999,8,879,248,776,829,43,201,1320,839,91,0
1321,1216,955,1196,10,999,124,1162,337,749,536,22,55,1321,1109,1019,0
1322,1216,955,112,43,999,124,123,337,790,58,22,63,1322,123,1019,1
1323,1216,955,140,54,999,124,158,225,28,118,68,271,1323,104,140,1
1324,1216,955,1132,48,999,124,1100,337,643,152,22,65,1324,985,959,0
1325,1216,955,483,16,999,124,469,337,749,318,35,167,1325,444,315,1
