Date,Close,High,Low,Open,Volume
2021-08-27,0.69,0.69,0.5,0.52,573566
2021-08-28,0.64,0.69,0.61,0.69,250158
2021-08-29,0.55,0.65,0.53,0.64,188295
2021-08-30,0.87,0.92,0.55,0.55,763243
2021-08-31,1.03,1.13,0.8,0.87,1802341
2021-09-01,0.87,1.07,0.78,1.03,1888126
2021-09-02,0.89,0.98,0.81,0.87,295419
2021-09-03,0.99,1.01,0.77,0.89,382776
2021-09-04,0.94,1.06,0.9,0.99,506056
2021-09-05,0.98,0.98,0.92,0.94,66182
2021-09-06,1.05,1.07,0.92,0.98,259649
2021-09-07,0.83,1.05,0.78,1.05,426217
2021-09-08,0.88,0.91,0.77,0.83,370122
2021-09-09,0.84,0.9,0.84,0.87,108568
2021-09-10,0.89,1.02,0.81,0.84,666116
2021-09-11,0.93,0.94,0.86,0.89,193117
2021-09-12,0.87,0.93,0.84,0.93,189968
2021-09-13,0.85,0.88,0.76,0.87,284697
2021-09-14,0.88,0.89,0.82,0.85,173173
2021-09-15,0.86,0.89,0.83,0.88,310993
2021-09-16,0.8,0.87,0.72,0.86,239051
2021-09-17,0.77,0.82,0.65,0.8,367606
2021-09-18,0.71,0.79,0.64,0.77,196161
2021-09-19,0.69,0.71,0.67,0.71,61909
2021-09-20,0.6,0.69,0.39,0.69,516936
2021-09-21,0.6,0.63,0.51,0.6,278652
2021-09-22,0.61,0.64,0.54,0.6,222735
2021-09-23,0.75,0.78,0.59,0.61,233496
2021-09-24,0.72,0.76,0.67,0.75,127761
2021-09-25,0.71,0.73,0.7,0.72,101804
2021-09-26,0.73,0.75,0.68,0.71,223566
2021-09-27,0.76,0.8,0.73,0.73,238292
2021-09-28,0.71,0.78,0.71,0.76,133104
2021-09-29,0.74,0.78,0.71,0.71,147902
2021-09-30,0.76,0.77,0.73,0.74,108735
2021-10-01,0.83,0.84,0.74,0.76,131340
2021-10-02,0.8,0.84,0.8,0.83,119713
2021-10-03,0.75,0.81,0.72,0.8,114018
2021-10-04,0.74,0.75,0.67,0.75,142008
2021-10-05,0.83,0.83,0.67,0.74,339172
2021-10-06,0.77,0.84,0.64,0.83,234139
2021-10-07,0.73,0.77,0.69,0.77,106791
2021-10-08,0.72,0.75,0.71,0.73,60055
2021-10-09,0.82,0.93,0.72,0.72,272026
2021-10-10,0.79,0.89,0.77,0.82,163252
2021-10-11,0.78,0.83,0.75,0.78,153889
2021-10-12,0.75,0.79,0.72,0.78,53891
2021-10-13,0.75,0.78,0.72,0.75,80392
2021-10-14,0.7,0.77,0.69,0.75,112007
2021-10-15,0.75,0.79,0.69,0.7,179246
2021-10-16,0.79,0.84,0.74,0.75,553665
2021-10-17,0.76,0.84,0.72,0.79,303745
2021-10-18,0.77,0.8,0.74,0.76,206167
2021-10-19,0.71,0.81,0.63,0.77,639782
2021-10-20,0.84,0.89,0.69,0.71,667305
2021-10-21,0.74,0.84,0.71,0.84,299719
2021-10-22,0.75,0.78,0.69,0.74,194663
2021-10-23,0.82,0.82,0.73,0.75,358884
2021-10-24,0.79,0.83,0.76,0.82,230078
2021-10-25,0.77,0.81,0.74,0.79,151931
2021-10-26,0.79,0.84,0.72,0.77,387421
2021-10-27,0.73,0.84,0.72,0.79,392330
2021-10-28,0.74,0.8,0.72,0.73,307653
2021-10-29,0.82,0.83,0.73,0.74,359504
2021-10-30,0.79,0.82,0.77,0.82,133642
2021-10-31,0.77,0.8,0.76,0.79,251517
2021-11-01,0.77,0.8,0.76,0.77,199216
2021-11-02,0.77,0.81,0.76,0.77,296895
2021-11-03,0.78,0.8,0.75,0.77,299282
2021-11-04,0.86,0.91,0.76,0.78,848767
2021-11-05,0.98,1.0,0.83,0.86,751030
2021-11-06,1.44,1.47,0.94,0.98,2325660
2021-11-07,2.82,3.19,1.44,1.44,4997968
2021-11-08,2.93,4.25,2.71,2.82,7406623
2021-11-09,2.98,3.37,2.73,2.93,7190917
2021-11-10,3.7,4.35,2.82,2.98,10875707
2021-11-11,4.45,5.75,3.39,3.71,26350364
2021-11-12,4.5,5.84,4.28,4.44,48444711
2021-11-13,3.93,4.51,3.75,4.5,21783528
2021-11-14,3.52,4.0,3.45,3.93,9147043
2021-11-15,3.9,3.92,3.52,3.52,7538783
2021-11-16,4.32,4.36,3.74,3.91,13163351
2021-11-17,4.21,4.44,4.13,4.32,13798041
2021-11-18,3.82,4.2,3.78,4.2,8871301
2021-11-19,3.82,3.91,3.8,3.82,5475221
2021-11-20,3.72,3.83,3.56,3.82,5057068
2021-11-21,3.76,3.85,3.67,3.73,4847919
2021-11-22,3.52,3.81,3.51,3.76,5173591
2021-11-23,3.52,3.6,3.48,3.52,3406570
2021-11-24,3.51,3.54,3.46,3.52,2865182
2021-11-25,3.4,3.51,3.3,3.49,3084259
2021-11-26,3.0,3.39,2.99,3.38,7460015
2021-11-27,3.09,3.15,3.0,3.0,2602966
2021-11-28,3.03,3.09,2.86,3.09,2735688
2021-11-29,2.99,3.08,2.98,3.03,2692410
2021-11-30,2.96,3.01,2.95,2.99,2485379
2021-12-01,2.73,2.97,2.71,2.96,3863935
2021-12-02,2.26,2.74,2.24,2.73,7820624
2021-12-03,2.13,2.28,2.02,2.25,4752597
2021-12-04,1.84,2.16,1.8,2.13,3634210
2021-12-05,1.86,1.86,1.78,1.84,2511974
2021-12-06,2.12,2.12,1.84,1.86,3532708
2021-12-07,2.53,2.65,2.11,2.12,7052649
2021-12-08,2.73,2.77,2.47,2.53,5132068
2021-12-09,2.57,2.76,2.5,2.73,3395697
2021-12-10,2.42,2.67,2.32,2.57,7962425
2021-12-11,2.56,2.57,2.39,2.42,2027716
2021-12-12,2.65,2.71,2.53,2.56,2527106
2021-12-13,2.33,2.65,2.27,2.65,3411238
2021-12-14,2.52,2.52,2.32,2.33,2954845
2021-12-15,2.67,2.72,2.46,2.52,4515869
2021-12-16,2.47,2.71,2.46,2.67,4038688
2021-12-17,2.54,2.58,2.39,2.47,3039611
2021-12-18,2.47,2.61,2.45,2.54,1925163
2021-12-19,2.36,2.47,2.34,2.47,1597308
2021-12-20,2.29,2.38,2.27,2.36,1673913
2021-12-21,2.37,2.4,2.27,2.28,2017816
2021-12-22,2.39,2.41,2.34,2.37,2164190
2021-12-23,3.51,3.75,2.33,2.39,34059316
2021-12-24,4.13,4.22,3.5,3.51,26504069
2021-12-25,4.35,5.0,4.08,4.13,37111645
2021-12-26,4.43,4.58,4.2,4.34,17396682
2021-12-27,3.88,4.43,3.83,4.43,9982871
2021-12-28,3.87,4.13,3.82,3.88,7228874
2021-12-29,3.85,4.12,3.84,3.87,6967521
2021-12-30,3.78,3.95,3.6,3.85,9273095
2021-12-31,3.69,3.84,3.64,3.79,4544345
2022-01-01,3.8,3.8,3.66,3.69,2684555
2022-01-02,3.49,3.81,3.45,3.8,4684718
2022-01-03,3.39,3.62,3.35,3.49,4452255
2022-01-04,3.46,3.51,3.37,3.39,4828484
2022-01-05,3.34,3.52,3.3,3.46,4331936
2022-01-06,3.5,3.51,3.08,3.34,7759961
2022-01-07,3.12,3.51,3.1,3.5,6144813
2022-01-08,2.84,3.13,2.8,3.12,6085618
2022-01-09,2.77,2.84,2.68,2.84,4619406
2022-01-10,2.68,2.78,2.57,2.77,3856850
2022-01-11,2.94,2.95,2.63,2.68,4242793
2022-01-12,3.54,3.58,2.86,2.94,11390233
2022-01-13,3.68,3.97,3.41,3.54,22826844
2022-01-14,3.7,3.78,3.44,3.68,14883659
2022-01-15,3.59,3.71,3.57,3.7,7199746
2022-01-16,3.55,3.61,3.49,3.59,4535568
2022-01-17,3.28,3.55,3.19,3.55,6337629
2022-01-18,3.25,3.31,3.15,3.28,4916829
2022-01-19,3.19,3.29,3.12,3.25,4887465
2022-01-20,3.12,3.47,3.11,3.19,7828071
2022-01-21,2.98,3.7,2.95,3.11,16466044
2022-01-22,2.65,3.02,2.58,2.99,9948826
2022-01-23,2.64,2.78,2.57,2.65,4868350
2022-01-24,2.36,2.65,2.21,2.65,7287898
2022-01-25,2.24,2.36,2.19,2.36,6590889
2022-01-26,2.13,2.33,2.1,2.24,6076226
2022-01-27,2.2,2.28,2.08,2.13,4121846
2022-01-28,2.29,2.29,2.14,2.2,4287165
2022-01-29,2.69,2.69,2.29,2.29,9859711
2022-01-30,2.48,2.79,2.44,2.69,6945912
2022-01-31,2.6,2.62,2.39,2.48,5128139
2022-02-01,2.81,2.82,2.54,2.6,7023509
2022-02-02,2.73,2.83,2.67,2.81,6289748
2022-02-03,2.63,2.78,2.56,2.73,5196126
2022-02-04,2.71,2.74,2.61,2.62,6783935
2022-02-05,2.73,2.79,2.64,2.71,4739786
2022-02-06,2.79,2.79,2.71,2.73,3791771
2022-02-07,2.85,2.93,2.76,2.79,6757071
2022-02-08,2.78,2.86,2.71,2.85,4531917
2022-02-09,2.85,2.86,2.75,2.78,3982914
2022-02-10,2.81,2.85,2.7,2.85,4148815
2022-02-11,2.61,2.84,2.58,2.81,5914857
2022-02-12,2.69,2.77,2.6,2.61,7487930
2022-02-13,2.71,2.96,2.68,2.69,10934199
2022-02-14,2.68,2.73,2.64,2.71,4925193
2022-02-15,2.72,2.72,2.66,2.68,3356990
2022-02-16,2.67,2.72,2.63,2.72,3505241
2022-02-17,2.43,2.68,2.41,2.66,3935545
2022-02-18,2.46,2.5,2.4,2.44,3252696
2022-02-19,2.47,2.52,2.44,2.46,2422480
2022-02-20,2.36,2.47,2.32,2.47,2638262
2022-02-21,2.23,2.41,2.23,2.36,6042464
2022-02-22,2.46,2.5,2.2,2.23,6681600
2022-02-23,2.36,2.49,2.36,2.46,3328760
2022-02-24,2.21,2.36,2.0,2.35,2111185
2022-02-25,2.21,2.23,2.17,2.21,4680017
2022-02-26,2.25,2.25,2.18,2.21,3459542
2022-02-27,2.06,2.28,2.03,2.25,6517366
2022-02-28,2.09,2.09,1.94,2.06,6910414
2022-03-01,2.07,2.14,2.04,2.09,5280861
2022-03-02,2.02,2.09,1.97,2.07,4174576
2022-03-03,1.97,2.02,1.95,2.02,2557837
2022-03-04,1.82,1.97,1.81,1.97,3054174
2022-03-05,1.78,1.82,1.77,1.82,2195291
2022-03-06,1.62,1.78,1.61,1.78,3123933
2022-03-07,1.78,1.81,1.57,1.62,7555155
2022-03-08,1.95,2.04,1.78,1.78,9923457
2022-03-09,1.79,2.04,1.78,1.95,4479299
2022-03-10,1.83,1.85,1.72,1.79,3212220
2022-03-11,1.83,1.91,1.77,1.83,4150011
2022-03-12,1.87,1.88,1.8,1.83,3179031
2022-03-13,1.77,1.87,1.77,1.87,2328953
2022-03-14,1.82,1.82,1.74,1.77,2839160
2022-03-15,1.91,1.91,1.78,1.82,3629699
2022-03-16,1.94,1.97,1.87,1.91,3321920
2022-03-17,1.84,1.95,1.84,1.94,2849317
2022-03-18,1.86,1.86,1.81,1.84,1711794
2022-03-19,1.87,1.91,1.83,1.85,2552077
2022-03-20,1.85,1.87,1.82,1.87,1794594
2022-03-21,1.83,1.85,1.8,1.85,2052292
2022-03-22,1.83,1.88,1.83,1.83,2546390
2022-03-23,1.86,1.86,1.81,1.83,2412795
2022-03-24,1.85,1.86,1.82,1.86,2358705
2022-03-25,1.85,1.92,1.84,1.85,3196324
2022-03-26,1.9,1.91,1.85,1.85,2658329
2022-03-27,1.9,1.92,1.86,1.9,2944951
2022-03-28,1.94,2.0,1.89,1.9,5123927
2022-03-29,2.0,2.04,1.94,1.94,5094082
2022-03-30,1.94,2.01,1.92,2.0,4627472
2022-03-31,1.88,1.96,1.88,1.93,4393965
2022-04-01,1.91,1.94,1.83,1.88,4715301
2022-04-02,1.87,1.93,1.87,1.91,4606076
2022-04-03,1.89,1.9,1.87,1.87,4067387
2022-04-04,1.83,1.9,1.81,1.89,4864174
2022-04-05,1.76,1.83,1.76,1.83,4353318
2022-04-06,1.69,1.77,1.67,1.76,6526069
2022-04-07,1.83,1.84,1.69,1.69,5921711
2022-04-08,1.82,1.86,1.8,1.83,5467356
2022-04-09,1.84,1.84,1.81,1.82,3777542
2022-04-10,1.91,1.98,1.82,1.84,5623509
2022-04-11,1.94,1.97,1.84,1.91,12306513
2022-04-12,1.98,2.05,1.94,1.94,12180303
2022-04-13,1.97,2.01,1.93,1.98,7014038
2022-04-14,1.98,1.99,1.93,1.97,5131643
2022-04-15,2.01,2.01,1.94,1.98,5662048
2022-04-16,2.02,2.04,1.98,2.01,5904250
2022-04-17,1.99,2.03,1.97,2.02,5743579
2022-04-18,1.98,2.0,1.95,1.99,5645645
2022-04-19,1.99,2.04,1.98,1.98,6923829
2022-04-20,2.01,2.09,1.97,1.99,2771854
2022-04-21,2.2,2.31,2.0,2.01,8891509
2022-04-22,2.15,2.24,2.14,2.2,5428339
2022-04-23,2.05,2.15,2.03,2.15,2260350
2022-04-24,2.02,2.05,1.98,2.04,1945935
2022-04-25,2.01,2.02,1.91,2.02,2178406
2022-04-26,2.11,2.11,1.98,2.01,3951292
2022-04-27,2.26,2.29,2.09,2.11,8016951
2022-04-28,2.26,2.33,2.2,2.26,4274918
2022-04-29,2.06,2.26,2.05,2.25,10570817
2022-04-30,1.89,2.05,1.88,2.05,5522602
2022-05-01,1.9,1.94,1.89,1.89,3130642
2022-05-02,1.88,1.91,1.82,1.9,3074390
2022-05-03,1.87,1.88,1.83,1.88,2519272
2022-05-04,1.98,1.99,1.86,1.87,3164045
2022-05-05,1.89,1.98,1.87,1.98,3340649
2022-05-06,1.83,1.9,1.81,1.89,2612338
2022-05-07,1.78,1.85,1.77,1.83,1576080
2022-05-08,1.95,1.95,1.66,1.78,5916160
2022-05-09,1.76,2.0,1.75,1.95,8992594
2022-05-10,1.78,1.83,1.74,1.76,5208035
2022-05-11,1.48,1.78,1.42,1.78,8010835
2022-05-12,1.5,1.54,1.33,1.48,5981966
2022-05-13,1.56,1.72,1.49,1.5,4565835
2022-05-14,1.58,1.58,1.5,1.56,2497608
2022-05-15,1.64,1.64,1.53,1.58,2568692
2022-05-16,1.65,1.66,1.6,1.64,4453184
2022-05-17,1.62,1.69,1.56,1.65,3585790
2022-05-18,1.55,1.63,1.55,1.62,2723889
2022-05-19,1.57,1.6,1.55,1.55,2582553
2022-05-20,1.46,1.57,1.46,1.57,2523519
2022-05-21,1.44,1.47,1.42,1.47,1989547
2022-05-22,1.49,1.52,1.44,1.44,2903968
2022-05-23,1.37,1.49,1.37,1.49,13416629
2022-05-24,1.37,1.38,1.35,1.37,16476856
2022-05-25,1.39,1.41,1.33,1.37,11314040
2022-05-26,1.29,1.4,1.27,1.39,8522757
2022-05-27,1.23,1.31,1.23,1.29,3037733
2022-05-28,1.25,1.26,1.15,1.23,2860694
2022-05-29,1.27,1.27,1.2,1.25,3183500
2022-05-30,1.38,1.38,1.25,1.26,3389203
2022-05-31,1.38,1.41,1.36,1.38,2831416
2022-06-01,1.25,1.38,1.24,1.38,1699289
2022-06-02,1.24,1.26,1.22,1.25,1452224
2022-06-03,1.24,1.24,1.2,1.24,1722825
2022-06-04,1.27,1.28,1.24,1.24,1349103
2022-06-05,1.28,1.29,1.27,1.28,1447180
2022-06-06,1.31,1.32,1.27,1.28,2014296
2022-06-07,1.29,1.32,1.27,1.31,1205705
2022-06-08,1.26,1.3,1.26,1.3,797520
2022-06-09,1.28,1.31,1.25,1.26,1434781
2022-06-10,1.25,1.29,1.24,1.28,1169747
2022-06-11,1.16,1.26,1.16,1.25,1460232
2022-06-12,1.1,1.16,1.09,1.16,1828642
2022-06-13,0.96,1.1,0.94,1.1,3376092
2022-06-14,0.95,1.0,0.91,0.96,2243560
2022-06-15,0.93,0.95,0.84,0.95,5785163
2022-06-16,0.85,0.94,0.84,0.93,3593984
2022-06-17,0.86,0.88,0.84,0.85,2531450
2022-06-18,0.82,0.87,0.76,0.86,3767764
2022-06-19,0.92,0.92,0.78,0.82,4142307
2022-06-20,1.09,1.11,0.91,0.92,5973390
2022-06-21,1.1,1.13,1.07,1.09,91496549
2022-06-22,1.06,1.1,1.04,1.1,2944893
2022-06-23,1.1,1.1,1.06,1.06,1913470
2022-06-24,1.09,1.12,1.09,1.1,1751050
2022-06-25,1.09,1.1,1.06,1.09,1508187
2022-06-26,1.07,1.1,1.06,1.09,1213962
2022-06-27,1.29,1.31,1.05,1.07,5811246
2022-06-28,1.3,1.41,1.25,1.29,8377237
2022-06-29,1.21,1.34,1.21,1.3,4461949
2022-06-30,1.09,1.21,1.06,1.21,5338125
2022-07-01,1.14,1.15,1.08,1.09,2828642
2022-07-02,1.12,1.14,1.12,1.14,2065971
2022-07-03,1.1,1.12,1.09,1.12,1417430
2022-07-04,1.12,1.12,1.07,1.1,1987684
2022-07-05,1.07,1.12,1.05,1.12,1803427
2022-07-06,1.06,1.07,1.04,1.07,1826331
2022-07-07,1.08,1.12,1.06,1.06,2719197
2022-07-08,1.08,1.09,1.05,1.08,2156726
2022-07-09,1.08,1.08,1.06,1.07,1367498
2022-07-10,1.07,1.08,1.06,1.08,1117781
2022-07-11,1.0,1.07,1.0,1.07,1704687
2022-07-12,0.96,1.0,0.96,1.0,2741064
2022-07-13,0.91,0.97,0.9,0.96,3940004
2022-07-14,0.94,0.94,0.89,0.91,2810358
2022-07-15,0.93,0.95,0.93,0.94,1974529
2022-07-16,0.95,0.96,0.92,0.93,1536823
2022-07-17,0.97,0.98,0.95,0.95,2037761
2022-07-18,0.96,1.01,0.93,0.97,3652332
2022-07-19,0.97,0.98,0.94,0.96,2948606
2022-07-20,0.94,0.98,0.93,0.97,3231790
2022-07-21,0.92,0.95,0.92,0.94,1929997
2022-07-22,0.92,0.94,0.92,0.92,1946508
2022-07-23,0.92,0.93,0.91,0.92,1246247
2022-07-24,0.92,0.93,0.92,0.92,1264695
2022-07-25,0.86,0.92,0.86,0.92,2026779
2022-07-26,0.83,0.87,0.82,0.86,2034386
2022-07-27,0.88,0.89,0.82,0.83,3083420
2022-07-28,0.89,0.91,0.87,0.88,3514718
2022-07-29,0.9,0.91,0.89,0.89,2829585
2022-07-30,0.95,0.96,0.89,0.9,2906440
2022-07-31,0.98,1.02,0.95,0.95,2661111
2022-08-01,0.94,0.99,0.94,0.98,2054764
2022-08-02,0.94,0.95,0.92,0.94,2293422
2022-08-03,0.97,1.03,0.94,0.94,3469930
2022-08-04,0.96,0.98,0.9,0.97,3536657
2022-08-05,1.04,1.04,0.96,0.96,2921753
2022-08-06,1.09,1.16,1.04,1.04,6106362
2022-08-07,1.12,1.15,1.08,1.09,2554046
2022-08-08,1.21,1.22,1.12,1.12,3759366
2022-08-09,1.22,1.27,1.19,1.21,4153905
2022-08-10,1.21,1.27,1.2,1.22,3043964
2022-08-11,1.21,1.24,1.2,1.21,2378365
2022-08-12,1.25,1.26,1.21,1.21,1511153
2022-08-13,1.26,1.27,1.25,1.25,1432970
2022-08-14,1.25,1.27,1.24,1.26,1278197
2022-08-15,1.24,1.29,1.24,1.25,2733855
2022-08-16,1.23,1.25,1.22,1.24,2478361
2022-08-17,1.18,1.26,1.18,1.24,4238350
2022-08-18,1.26,1.26,1.17,1.18,4636789
2022-08-19,1.17,1.26,1.13,1.26,6910878
2022-08-20,1.17,1.19,1.16,1.17,1781080
2022-08-21,1.16,1.18,1.16,1.17,1254635
2022-08-22,1.31,1.35,1.12,1.16,8807483
2022-08-23,1.47,1.48,1.3,1.31,9884129
2022-08-24,1.45,1.48,1.41,1.47,6090625
2022-08-25,1.51,1.51,1.44,1.45,5336627
2022-08-26,1.35,1.51,1.35,1.51,5264116
2022-08-27,1.35,1.36,1.32,1.35,2105038
2022-08-28,1.34,1.37,1.34,1.35,1852145
2022-08-29,1.4,1.42,1.34,1.34,2775203
2022-08-30,1.47,1.47,1.39,1.4,4166898
2022-08-31,1.49,1.51,1.46,1.47,5941029
2022-09-01,1.48,1.5,1.45,1.49,2895551
2022-09-02,1.48,1.49,1.46,1.48,2527065
2022-09-03,1.47,1.49,1.46,1.48,1932076
2022-09-04,1.47,1.48,1.46,1.47,2538935
2022-09-05,1.68,1.69,1.46,1.47,10031178
2022-09-06,1.67,1.77,1.63,1.68,8758776
2022-09-07,1.87,2.04,1.65,1.67,32909639
2022-09-08,1.85,2.0,1.81,1.87,22092807
2022-09-09,1.88,1.9,1.85,1.85,20361410
2022-09-10,1.92,1.95,1.88,1.88,19363802
2022-09-11,1.86,1.93,1.85,1.92,16992287
2022-09-12,1.84,1.87,1.81,1.86,18394865
2022-09-13,1.78,1.87,1.78,1.84,28671458
2022-09-14,1.73,1.8,1.72,1.78,32146112
2022-09-15,1.66,1.75,1.66,1.73,34730927
2022-09-16,1.65,1.69,1.64,1.66,28938179
2022-09-17,1.64,1.66,1.61,1.65,15512024
2022-09-18,1.58,1.65,1.58,1.64,12337498
2022-09-19,1.49,1.63,1.46,1.58,31921792
2022-09-20,1.39,1.5,1.38,1.49,21900058
2022-09-21,1.34,1.41,1.32,1.39,20955837
2022-09-22,1.47,1.48,1.33,1.34,19660730
2022-09-23,1.36,1.48,1.24,1.47,31063450
2022-09-24,1.3,1.36,1.3,1.36,14962249
2022-09-25,1.27,1.32,1.26,1.3,12797118
2022-09-26,1.28,1.29,1.25,1.27,12669436
2022-09-27,1.3,1.33,1.27,1.28,18822737
2022-09-28,1.32,1.33,1.28,1.3,14916512
2022-09-29,1.3,1.32,1.28,1.32,11761505
2022-09-30,1.37,1.4,1.29,1.3,18805215
2022-10-01,1.39,1.39,1.35,1.36,10230289
2022-10-02,1.36,1.4,1.36,1.39,7769234
2022-10-03,1.35,1.37,1.33,1.36,11334930
2022-10-04,1.4,1.42,1.34,1.35,9597591
2022-10-05,1.41,1.42,1.4,1.41,8619956
2022-10-06,1.39,1.42,1.39,1.41,7584301
2022-10-07,1.37,1.4,1.36,1.39,7922107
2022-10-08,1.35,1.37,1.33,1.37,9300024
2022-10-09,1.32,1.35,1.31,1.35,11857177
2022-10-10,1.27,1.32,1.26,1.32,8317376
2022-10-11,1.24,1.27,1.24,1.27,8304975
2022-10-12,1.23,1.26,1.23,1.24,8075958
2022-10-13,1.2,1.23,1.2,1.23,12699055
2022-10-14,1.25,1.25,1.2,1.2,7450170
2022-10-15,1.24,1.26,1.23,1.25,3180879
2022-10-16,1.23,1.25,1.22,1.24,3570089
2022-10-17,1.25,1.25,1.22,1.23,3159908
2022-10-18,1.25,1.26,1.24,1.25,3521751
2022-10-19,1.23,1.26,1.23,1.25,3722561
2022-10-20,1.35,1.39,1.22,1.23,11659007
2022-10-21,1.39,1.4,1.34,1.36,10606289
2022-10-22,1.38,1.42,1.38,1.39,5316802
2022-10-23,1.4,1.41,1.35,1.38,4750240
2022-10-24,1.45,1.46,1.39,1.4,8552908
2022-10-25,1.84,1.85,1.44,1.45,26600202
2022-10-26,1.94,1.96,1.72,1.84,35593671
2022-10-27,1.65,1.98,1.58,1.94,43791318
2022-10-28,1.68,1.7,1.62,1.65,11557595
2022-10-29,1.58,1.69,1.57,1.68,10769476
2022-10-30,1.63,1.64,1.56,1.58,8002869
2022-10-31,1.51,1.65,1.5,1.63,10423916
2022-11-01,1.64,1.64,1.45,1.51,18817423
2022-11-02,1.57,1.68,1.55,1.64,14933365
2022-11-03,1.61,1.65,1.56,1.57,10550457
2022-11-04,1.68,1.7,1.6,1.61,11520587
2022-11-05,1.68,1.68,1.63,1.68,8272174
2022-11-06,1.61,1.76,1.61,1.68,13962166
2022-11-07,1.77,1.77,1.54,1.61,14331023
2022-11-08,1.62,1.77,1.56,1.77,17234197
2022-11-09,1.37,1.62,1.37,1.62,12952265
2022-11-10,1.59,1.59,1.33,1.37,11624636
2022-11-11,1.54,1.59,1.49,1.59,8457878
2022-11-12,1.55,1.55,1.45,1.54,13117148
2022-11-13,1.65,1.72,1.55,1.55,11365708
2022-11-14,1.68,1.68,1.58,1.65,10530885
2022-11-15,1.69,1.71,1.65,1.68,6942261
2022-11-16,1.74,1.78,1.68,1.69,8974661
2022-11-17,1.79,1.82,1.69,1.74,11300234
2022-11-18,1.8,1.81,1.71,1.79,10233279
2022-11-19,1.74,1.81,1.72,1.8,6105211
2022-11-20,1.71,1.8,1.71,1.74,6595329
2022-11-21,1.72,1.76,1.7,1.71,6511205
2022-11-22,1.75,1.75,1.7,1.72,6142826
2022-11-23,1.76,1.77,1.73,1.75,5566757
2022-11-24,1.75,1.77,1.7,1.77,7209731
2022-11-25,1.72,1.75,1.69,1.75,5583191
2022-11-26,1.72,1.74,1.71,1.72,4374032
2022-11-27,1.73,1.74,1.71,1.72,3695703
2022-11-28,1.72,1.74,1.7,1.73,4879232
2022-11-29,1.72,1.73,1.71,1.72,4337960
2022-11-30,1.76,1.89,1.72,1.72,14727401
2022-12-01,1.81,1.82,1.74,1.76,9046817
2022-12-02,1.8,1.82,1.77,1.81,6770797
2022-12-03,1.8,1.81,1.79,1.8,4878618
2022-12-04,1.81,1.83,1.8,1.8,3742990
2022-12-05,1.84,1.85,1.81,1.81,6587259
2022-12-06,1.81,1.85,1.79,1.84,10981385
2022-12-07,1.82,1.89,1.8,1.81,25719602
2022-12-08,1.83,1.86,1.82,1.82,25218591
2022-12-09,1.86,1.86,1.81,1.83,26603823
2022-12-10,1.85,1.87,1.84,1.86,31030472
2022-12-11,2.04,2.15,1.84,1.85,39215816
2022-12-12,2.09,2.13,1.97,2.04,45653734
2022-12-13,2.34,2.38,2.08,2.09,75566051
2022-12-14,2.47,2.86,2.34,2.34,102283238
2022-12-15,2.25,2.52,2.23,2.47,69497396
2022-12-16,2.37,2.55,2.25,2.25,68496330
2022-12-17,2.51,2.55,2.33,2.38,59664694
2022-12-18,2.66,2.81,2.51,2.51,43869425
2022-12-19,2.29,2.8,2.29,2.66,61710144
2022-12-20,2.41,2.48,2.26,2.29,61297763
2022-12-21,2.52,2.6,2.4,2.41,47880747
2022-12-22,2.39,2.55,2.33,2.52,54144029
2022-12-23,2.39,2.44,2.37,2.39,45503109
2022-12-24,2.45,2.47,2.37,2.39,51485476
2022-12-25,2.43,2.46,2.43,2.45,60397926
2022-12-26,2.32,2.45,2.32,2.43,55021046
2022-12-27,2.15,2.34,2.13,2.32,54264490
2022-12-28,1.97,2.16,1.96,2.15,46255763
2022-12-29,2.11,2.2,1.95,1.97,42770874
2022-12-30,2.1,2.11,2.02,2.11,36762263
2022-12-31,2.18,2.19,2.08,2.1,37417672
2023-01-01,2.31,2.33,2.17,2.18,41535553
2023-01-02,2.24,2.31,2.1,2.31,53294459
2023-01-03,2.21,2.25,2.14,2.24,46374548
2023-01-04,2.24,2.25,2.2,2.21,39351919
2023-01-05,2.19,2.24,2.17,2.24,35932889
2023-01-06,2.17,2.19,2.14,2.19,37901651
2023-01-07,2.16,2.18,2.15,2.17,32122285
2023-01-08,2.19,2.19,2.16,2.16,33532279
2023-01-09,2.22,2.27,2.19,2.19,35632949
2023-01-10,2.13,2.22,2.11,2.22,35258560
2023-01-11,2.2,2.2,2.11,2.13,45666304
2023-01-12,2.18,2.21,2.15,2.2,57606008
2023-01-13,2.22,2.22,2.17,2.18,40038876
2023-01-14,2.28,2.37,2.22,2.22,43754930
2023-01-15,2.31,2.31,2.24,2.28,33585980
2023-01-16,2.32,2.35,2.29,2.31,33610682
2023-01-17,2.35,2.38,2.29,2.32,35951298
2023-01-18,2.25,2.38,2.25,2.35,38261026
2023-01-19,2.26,2.29,2.21,2.25,48121177
2023-01-20,2.3,2.31,2.22,2.26,60096240
2023-01-21,2.28,2.32,2.27,2.3,43636787
2023-01-22,2.28,2.29,2.26,2.28,38578659
2023-01-23,2.31,2.31,2.27,2.28,36273995
2023-01-24,2.29,2.32,2.27,2.31,36385933
2023-01-25,2.33,2.36,2.24,2.29,35085539
2023-01-26,2.37,2.38,2.33,2.33,37923561
2023-01-27,2.55,2.55,2.37,2.37,41749258
2023-01-28,2.51,2.63,2.49,2.55,45254167
2023-01-29,2.47,2.55,2.45,2.51,40598018
2023-01-30,2.28,2.48,2.25,2.47,41995137
2023-01-31,2.31,2.33,2.26,2.27,38263256
2023-02-01,2.38,2.42,2.28,2.31,39464550
2023-02-02,2.37,2.47,2.35,2.38,34891621
2023-02-03,2.37,2.39,2.34,2.37,30943229
2023-02-04,2.33,2.37,2.32,2.37,27438888
2023-02-05,2.31,2.36,2.28,2.33,29649840
2023-02-06,2.28,2.32,2.26,2.31,30206780
2023-02-07,2.36,2.38,2.27,2.28,42022959
2023-02-08,2.29,2.38,2.26,2.36,37633066
2023-02-09,2.2,2.3,2.2,2.29,34735731
2023-02-10,2.16,2.21,2.04,2.2,38157345
2023-02-11,2.22,2.23,2.15,2.16,29336172
2023-02-12,2.3,2.33,2.22,2.22,28051997
2023-02-13,2.31,2.37,2.21,2.3,32971577
2023-02-14,2.3,2.34,2.27,2.31,28322567
2023-02-15,2.35,2.35,2.27,2.3,28201853
2023-02-16,2.29,2.39,2.29,2.35,29843373
2023-02-17,2.31,2.33,2.29,2.29,26220851
2023-02-18,2.35,2.36,2.31,2.31,27655483
2023-02-19,2.35,2.36,2.33,2.35,18579671
2023-02-20,2.37,2.38,2.32,2.35,30248917
2023-02-21,2.35,2.41,2.34,2.37,31589778
2023-02-22,2.47,2.49,2.32,2.35,39782588
2023-02-23,2.46,2.56,2.42,2.47,47340392
2023-02-24,2.36,2.47,2.35,2.46,39962945
2023-02-25,2.39,2.4,2.34,2.36,28280580
2023-02-26,2.42,2.45,2.38,2.39,43120915
2023-02-27,2.45,2.45,2.41,2.42,46412418
2023-02-28,2.51,2.55,2.44,2.45,55238363
2023-03-01,2.52,2.57,2.46,2.51,42639529
2023-03-02,2.42,2.53,2.42,2.52,36176408
2023-03-03,2.4,2.43,2.35,2.42,45713403
2023-03-04,2.37,2.44,2.35,2.39,40619904
2023-03-05,2.39,2.39,2.33,2.37,44483192
2023-03-06,2.38,2.42,2.37,2.39,37454751
2023-03-07,2.31,2.4,2.28,2.38,43057123
2023-03-08,2.37,2.38,2.23,2.31,47061370
2023-03-09,2.31,2.4,2.27,2.37,44737559
2023-03-10,2.25,2.33,2.23,2.31,33730928
2023-03-11,2.27,2.31,2.23,2.25,28511434
2023-03-12,2.36,2.37,2.23,2.27,23229744
2023-03-13,2.42,2.42,2.35,2.37,28557811
2023-03-14,2.43,2.46,2.4,2.42,44697282
2023-03-15,2.46,2.46,2.39,2.43,35726387
2023-03-16,2.44,2.48,2.42,2.46,29009725
2023-03-17,2.47,2.49,2.42,2.44,29407570
2023-03-18,2.42,2.48,2.42,2.47,27355430
2023-03-19,2.4,2.44,2.36,2.42,29489634
2023-03-20,2.38,2.4,2.36,2.4,30732105
2023-03-21,2.4,2.41,2.38,2.38,29488416
2023-03-22,2.38,2.45,2.38,2.4,31511606
2023-03-23,2.18,2.39,1.99,2.38,68672922
2023-03-24,2.09,2.18,1.98,2.18,30608152
2023-03-25,2.1,2.13,2.06,2.09,27863563
2023-03-26,2.12,2.14,2.07,2.1,40714626
2023-03-27,2.09,2.16,2.08,2.12,35275635
2023-03-28,2.11,2.12,2.04,2.09,25738969
2023-03-29,2.11,2.17,2.08,2.11,25042867
2023-03-30,2.08,2.14,2.07,2.11,24485600
2023-03-31,2.25,2.27,2.07,2.08,38067031
2023-04-01,2.26,2.27,2.23,2.25,29672567
2023-04-02,2.26,2.28,2.23,2.26,28879010
2023-04-03,2.24,2.26,2.19,2.26,34142579
2023-04-04,2.27,2.29,2.23,2.24,33213537
2023-04-05,2.32,2.32,2.27,2.27,35633190
2023-04-06,2.26,2.32,2.26,2.32,14688070
2023-04-07,2.24,2.27,2.21,2.26,21757125
2023-04-08,2.22,2.26,2.21,2.24,13415333
2023-04-09,2.23,2.24,2.21,2.22,32812950
2023-04-10,2.21,2.23,2.18,2.23,37159886
2023-04-11,2.22,2.23,2.19,2.21,41146538
2023-04-12,2.19,2.22,2.15,2.22,63521213
2023-04-13,2.26,2.27,2.18,2.19,29768578
2023-04-14,2.34,2.34,2.25,2.26,30174245
2023-04-15,2.35,2.36,2.3,2.34,28776066
2023-04-16,2.36,2.37,2.33,2.35,31361987
2023-04-17,2.3,2.36,2.28,2.36,32566297
2023-04-18,2.31,2.33,2.28,2.3,19650854
2023-04-19,2.26,2.32,2.23,2.31,23842739
2023-04-20,2.27,2.29,2.24,2.26,25146411
2023-04-21,2.26,2.31,2.25,2.27,27432786
2023-04-22,2.31,2.31,2.25,2.26,21655448
2023-04-23,2.33,2.33,2.29,2.31,21939918
2023-04-24,2.3,2.33,2.27,2.33,24732656
2023-04-25,2.29,2.31,2.26,2.3,22592325
2023-04-26,2.23,2.29,2.21,2.29,27763343
2023-04-27,2.21,2.25,2.19,2.23,19388261
2023-04-28,2.16,2.21,2.15,2.21,21144954
2023-04-29,2.17,2.18,2.15,2.16,17286860
2023-04-30,2.14,2.18,2.13,2.17,16249177
2023-05-01,2.09,2.17,2.09,2.14,22701383
2023-05-02,2.11,2.12,2.07,2.1,15943704
2023-05-03,2.05,2.13,2.04,2.11,14893909
2023-05-04,2.1,2.1,2.03,2.05,10985327
2023-05-05,2.1,2.13,2.07,2.1,10507323
2023-05-06,2.09,2.11,2.06,2.1,9877817
2023-05-07,2.05,2.1,2.05,2.09,11986083
2023-05-08,2.05,2.05,1.99,2.05,13032370
2023-05-09,1.99,2.05,1.9,2.05,21037530
2023-05-10,1.99,2.0,1.94,1.99,15040508
2023-05-11,1.94,1.99,1.92,1.99,16934308
2023-05-12,1.86,1.95,1.78,1.95,21921957
2023-05-13,1.88,1.89,1.84,1.86,13975497
2023-05-14,2.0,2.01,1.86,1.88,14837162
2023-05-15,2.0,2.02,1.95,2.0,17616996
2023-05-16,2.0,2.01,1.97,2.0,12289445
2023-05-17,1.97,2.01,1.96,2.0,10961100
2023-05-18,1.91,1.97,1.9,1.97,10901899
2023-05-19,1.89,1.91,1.89,1.91,9155783
2023-05-20,1.88,1.89,1.88,1.89,6714648
2023-05-21,1.84,1.88,1.84,1.88,8618423
2023-05-22,1.85,1.85,1.82,1.84,9020653
2023-05-23,2.02,2.05,1.84,1.85,15871238
2023-05-24,1.97,2.03,1.96,2.02,13300816
2023-05-25,1.93,1.97,1.93,1.97,9984752
2023-05-26,1.92,1.93,1.9,1.93,12936315
2023-05-27,1.93,1.93,1.9,1.92,10709600
2023-05-28,1.92,1.95,1.92,1.93,9830473
2023-05-29,1.86,1.93,1.86,1.92,11235690
2023-05-30,1.87,1.88,1.84,1.86,12750971
2023-05-31,1.84,1.87,1.84,1.87,10328815
2023-06-01,1.78,1.85,1.78,1.84,11431915
2023-06-02,1.75,1.8,1.72,1.78,15191032
2023-06-03,1.74,1.77,1.74,1.75,10176032
2023-06-04,1.75,1.76,1.74,1.74,7320937
2023-06-05,1.66,1.75,1.65,1.75,11756577
2023-06-06,1.67,1.68,1.65,1.66,10881616
2023-06-07,1.64,1.67,1.63,1.67,9400957
2023-06-08,1.67,1.69,1.63,1.64,6928394
2023-06-09,1.7,1.71,1.67,1.67,10303475
2023-06-10,1.49,1.71,1.23,1.7,35489251
2023-06-11,1.5,1.51,1.45,1.49,6632354
2023-06-12,1.52,1.52,1.48,1.5,9178475
2023-06-13,1.51,1.53,1.51,1.52,4628089
2023-06-14,1.39,1.52,1.36,1.51,9874503
2023-06-15,1.4,1.41,1.36,1.39,6993309
2023-06-16,1.4,1.41,1.36,1.4,4860741
2023-06-17,1.41,1.43,1.4,1.4,4451440
2023-06-18,1.41,1.42,1.4,1.41,4252578
2023-06-19,1.39,1.42,1.39,1.41,4982846
2023-06-20,1.39,1.39,1.37,1.39,4965874
2023-06-21,1.38,1.41,1.38,1.39,8668665
2023-06-22,1.37,1.41,1.36,1.38,7244972
2023-06-23,1.39,1.43,1.37,1.37,8015113
2023-06-24,1.41,1.41,1.39,1.39,7602413
2023-06-25,1.47,1.49,1.41,1.41,12563533
2023-06-26,1.43,1.47,1.42,1.47,11608187
2023-06-27,1.39,1.46,1.39,1.43,10712526
2023-06-28,1.37,1.4,1.37,1.39,7798972
2023-06-29,1.35,1.38,1.35,1.37,6311209
2023-06-30,1.36,1.37,1.3,1.35,10683681
2023-07-01,1.4,1.4,1.36,1.36,9400499
2023-07-02,1.43,1.45,1.4,1.4,9404319
2023-07-03,1.44,1.45,1.43,1.43,7946102
2023-07-04,1.39,1.44,1.39,1.44,8012007
2023-07-05,1.38,1.39,1.37,1.39,5875828
2023-07-06,1.36,1.4,1.36,1.38,8476831
2023-07-07,1.38,1.38,1.33,1.36,8606386
2023-07-08,1.38,1.39,1.38,1.38,7040687
2023-07-09,1.37,1.38,1.36,1.38,7150043
2023-07-10,1.37,1.38,1.36,1.37,5845707
2023-07-11,1.34,1.37,1.34,1.37,6551496
2023-07-12,1.32,1.35,1.32,1.34,6161636
2023-07-13,1.36,1.36,1.31,1.32,8819304
2023-07-14,1.36,1.37,1.34,1.36,9174844
2023-07-15,1.36,1.36,1.34,1.36,7068860
2023-07-16,1.35,1.37,1.35,1.36,6393962
2023-07-17,1.35,1.37,1.34,1.35,7204625
2023-07-18,1.39,1.42,1.34,1.35,13637759
2023-07-19,1.37,1.4,1.35,1.39,25532405
2023-07-20,1.4,1.4,1.36,1.36,35860927
2023-07-21,1.43,1.46,1.39,1.4,37750350
2023-07-22,1.49,1.53,1.42,1.43,36631268
2023-07-23,1.47,1.51,1.47,1.49,34860702
2023-07-24,1.4,1.47,1.38,1.47,35078075
2023-07-25,1.43,1.44,1.39,1.4,29752718
2023-07-26,1.36,1.43,1.36,1.43,37293604
2023-07-27,1.32,1.37,1.31,1.36,40548976
2023-07-28,1.28,1.35,1.27,1.32,37991528
2023-07-29,1.2,1.3,1.2,1.28,36578931
2023-07-30,1.21,1.23,1.17,1.2,33549016
2023-07-31,1.2,1.22,1.19,1.21,25728714
2023-08-01,1.21,1.21,1.18,1.2,22353772
2023-08-02,1.2,1.21,1.19,1.21,24496715
2023-08-03,1.18,1.2,1.18,1.2,27430823
2023-08-04,1.2,1.21,1.18,1.18,24337892
2023-08-05,1.19,1.2,1.19,1.2,23796231
2023-08-06,1.2,1.21,1.19,1.19,24169023
2023-08-07,1.2,1.21,1.2,1.2,28344851
2023-08-08,1.28,1.29,1.2,1.2,28358129
2023-08-09,1.26,1.3,1.25,1.28,26389205
2023-08-10,1.26,1.28,1.25,1.26,22756216
2023-08-11,1.29,1.3,1.25,1.26,25459644
2023-08-12,1.37,1.37,1.29,1.29,27895006
2023-08-13,1.4,1.45,1.36,1.37,37098066
2023-08-14,1.44,1.48,1.38,1.4,42178393
2023-08-15,1.49,1.49,1.44,1.44,36455543
2023-08-16,1.4,1.51,1.4,1.49,29677257
2023-08-17,1.33,1.46,1.31,1.4,30260758
2023-08-18,1.28,1.35,1.26,1.33,19883822
2023-08-19,1.35,1.35,1.27,1.28,17067554
2023-08-20,1.38,1.41,1.34,1.35,21819911
2023-08-21,1.36,1.38,1.33,1.38,25645896
2023-08-22,1.37,1.39,1.34,1.36,29153884
2023-08-23,1.42,1.43,1.37,1.37,29759642
2023-08-24,1.41,1.44,1.4,1.42,28654443
2023-08-25,1.43,1.44,1.4,1.41,29643404
2023-08-26,1.47,1.47,1.42,1.43,22857386
2023-08-27,1.52,1.52,1.46,1.47,25836162
2023-08-28,1.51,1.52,1.46,1.51,23102449
2023-08-29,1.72,1.74,1.5,1.51,34841481
2023-08-30,1.72,1.76,1.68,1.72,37243023
2023-08-31,1.75,1.76,1.68,1.72,29041138
2023-09-01,1.94,1.95,1.72,1.75,49504705
2023-09-02,1.87,1.95,1.86,1.94,37696391
2023-09-03,1.88,1.89,1.84,1.87,30325987
2023-09-04,1.88,1.93,1.87,1.88,23817917
2023-09-05,1.78,1.88,1.75,1.88,27619037
2023-09-06,1.82,1.83,1.73,1.78,23988003
2023-09-07,1.8,1.88,1.8,1.82,24176522
2023-09-08,1.79,1.83,1.78,1.8,22488855
2023-09-09,1.77,1.81,1.77,1.79,15990323
2023-09-10,1.72,1.78,1.71,1.77,18382065
2023-09-11,1.64,1.72,1.62,1.72,24980300
2023-09-12,1.82,1.86,1.64,1.64,45544526
2023-09-13,1.89,1.95,1.78,1.82,54848849
2023-09-14,1.92,1.94,1.87,1.89,36584499
2023-09-15,2.1,2.23,1.9,1.92,55770372
2023-09-16,2.39,2.52,2.08,2.1,84817022
2023-09-17,2.32,2.46,2.26,2.39,50336186
2023-09-18,2.4,2.51,2.29,2.31,59364077
2023-09-19,2.57,2.59,2.4,2.4,54331924
2023-09-20,2.41,2.58,2.4,2.57,53830461
2023-09-21,2.35,2.41,2.31,2.41,47660411
2023-09-22,2.3,2.36,2.28,2.35,37708798
2023-09-23,2.3,2.34,2.29,2.3,24285546
2023-09-24,2.2,2.3,2.2,2.3,23514194
2023-09-25,2.15,2.21,2.15,2.2,26975471
2023-09-26,2.12,2.19,2.12,2.15,30126220
2023-09-27,2.16,2.27,2.09,2.12,35720408
2023-09-28,2.24,2.29,2.14,2.16,38055686
2023-09-29,2.17,2.24,2.17,2.24,29904195
2023-09-30,2.11,2.19,2.11,2.17,23499342
2023-10-01,2.13,2.14,2.07,2.11,24385605
2023-10-02,2.03,2.15,2.02,2.13,40408337
2023-10-03,2.04,2.06,2.01,2.03,10771121
2023-10-04,1.96,2.04,1.95,2.04,14036948
2023-10-05,2.07,2.1,1.95,1.96,22634402
2023-10-06,2.15,2.17,2.06,2.07,14956438
2023-10-07,2.06,2.15,2.06,2.15,19222519
2023-10-08,2.05,2.09,2.02,2.06,14458640
2023-10-09,1.98,2.07,1.96,2.05,21735748
2023-10-10,2.01,2.03,1.96,1.98,20828014
2023-10-11,1.99,2.02,1.98,2.01,16454611
2023-10-12,1.94,2.02,1.92,1.99,18144129
2023-10-13,1.94,1.98,1.93,1.94,20643749
2023-10-14,1.92,1.95,1.92,1.94,16050126
2023-10-15,1.93,1.94,1.92,1.92,12228066
2023-10-16,1.96,2.0,1.92,1.93,13076383
2023-10-17,2.1,2.1,1.95,1.96,30826404
2023-10-18,2.05,2.15,2.03,2.1,34348677
2023-10-19,2.07,2.13,2.01,2.05,30217936
2023-10-20,2.09,2.13,2.07,2.07,15615170
2023-10-21,2.12,2.15,2.08,2.09,10732844
2023-10-22,2.19,2.2,2.12,2.12,13380912
2023-10-23,2.17,2.22,2.13,2.19,48873140
2023-10-24,2.13,2.25,2.12,2.17,52853464
2023-10-25,2.14,2.15,2.12,2.13,41637235
2023-10-26,2.12,2.18,2.08,2.14,43667080
2023-10-27,2.06,2.13,2.03,2.12,17044760
2023-10-28,2.05,2.11,2.04,2.06,8703670
2023-10-29,2.06,2.12,2.02,2.05,7250745
2023-10-30,2.12,2.13,2.06,2.06,26036379
2023-10-31,2.19,2.29,2.11,2.12,78597960
2023-11-01,2.2,2.23,2.13,2.19,45799886
2023-11-02,2.24,2.28,2.17,2.2,70146504
2023-11-03,2.25,2.27,2.17,2.24,34325318
2023-11-04,2.23,2.27,2.22,2.25,14046828
2023-11-05,2.28,2.31,2.22,2.23,13417992
2023-11-06,2.44,2.48,2.27,2.27,23505167
2023-11-07,2.54,2.58,2.37,2.44,68858939
2023-11-08,2.66,2.76,2.54,2.54,89216132
2023-11-09,2.47,2.71,2.4,2.66,106289769
2023-11-10,2.49,2.59,2.42,2.47,67985286
2023-11-11,2.38,2.5,2.37,2.49,59526194
2023-11-12,2.51,2.52,2.34,2.38,61517783
2023-11-13,2.35,2.51,2.35,2.51,47509134
2023-11-14,2.26,2.39,2.25,2.35,53278449
2023-11-15,2.39,2.4,2.25,2.26,68454895
2023-11-16,2.28,2.48,2.26,2.39,72770546
2023-11-17,2.32,2.33,2.23,2.28,56193611
2023-11-18,2.36,2.38,2.24,2.32,46783684
2023-11-19,2.37,2.4,2.34,2.36,28334472
2023-11-20,2.33,2.39,2.32,2.37,34598616
2023-11-21,2.29,2.39,2.29,2.33,38251715
2023-11-22,2.39,2.44,2.29,2.29,40438674
2023-11-23,2.42,2.46,2.35,2.39,41369249
2023-11-24,2.39,2.46,2.38,2.42,40316191
2023-11-25,2.37,2.42,2.34,2.39,37108663
2023-11-26,2.39,2.41,2.32,2.37,29843289
2023-11-27,2.45,2.45,2.33,2.39,55947512
2023-11-28,2.44,2.48,2.42,2.45,48875490
2023-11-29,2.43,2.46,2.4,2.44,40770292
2023-11-30,2.39,2.45,2.39,2.43,31516415
2023-12-01,2.42,2.43,2.38,2.39,32651022
2023-12-02,2.43,2.46,2.4,2.42,35298715
2023-12-03,2.42,2.45,2.4,2.43,32593336
2023-12-04,2.4,2.48,2.36,2.42,46404259
2023-12-05,2.43,2.47,2.34,2.4,49869240
2023-12-06,2.29,2.48,2.28,2.43,46216215
2023-12-07,2.27,2.32,2.24,2.29,44677562
2023-12-08,2.33,2.34,2.26,2.27,43271105
2023-12-09,2.31,2.37,2.31,2.33,41429785
2023-12-10,2.34,2.4,2.3,2.31,44476924
2023-12-11,2.14,2.34,2.02,2.34,68093313
2023-12-12,2.1,2.18,2.08,2.14,48315758
2023-12-13,2.2,2.25,2.03,2.1,49880907
2023-12-14,2.2,2.25,2.15,2.2,42309117
2023-12-15,2.15,2.26,2.12,2.2,47226361
2023-12-16,2.21,2.28,2.11,2.15,51963766
2023-12-17,2.15,2.24,2.14,2.21,46596747
2023-12-18,2.11,2.22,2.07,2.15,50200444
2023-12-19,2.19,2.23,2.11,2.11,46211430
2023-12-20,2.22,2.28,2.15,2.19,55006521
2023-12-21,2.24,2.38,2.22,2.22,55567844
2023-12-22,2.23,2.38,2.21,2.24,56169709
2023-12-23,2.23,2.34,2.17,2.23,45980974
2023-12-24,2.17,2.26,2.14,2.23,49474618
2023-12-25,2.24,2.26,2.17,2.17,45864412
2023-12-26,2.18,2.27,2.09,2.24,54895671
2023-12-27,2.16,2.27,2.11,2.18,49813800
2023-12-28,2.19,2.26,2.13,2.16,45822338
2023-12-29,2.28,2.35,2.19,2.19,57623960
2023-12-30,2.38,2.44,2.21,2.28,71941746
2023-12-31,2.31,2.38,2.28,2.38,37259237
2024-01-01,2.34,2.36,2.29,2.31,35373668
2024-01-02,2.29,2.43,2.28,2.34,59804140
2024-01-03,2.21,2.3,2.07,2.29,76342163
2024-01-04,2.17,2.25,2.13,2.21,59282182
2024-01-05,2.09,2.21,2.08,2.17,71558638
2024-01-06,2.16,2.18,2.05,2.09,70473055
2024-01-07,2.21,2.34,2.16,2.16,59955201
2024-01-08,2.27,2.29,2.14,2.21,59205749
2024-01-09,2.19,2.29,2.17,2.27,61551579
2024-01-10,2.26,2.27,2.17,2.19,69041699
2024-01-11,2.23,2.3,2.21,2.27,90444780
2024-01-12,2.12,2.23,2.1,2.23,54088090
2024-01-13,2.11,2.13,2.1,2.12,45165593
2024-01-14,2.28,2.37,2.08,2.11,85393718
2024-01-15,2.44,2.45,2.28,2.28,71928026
2024-01-16,2.41,2.45,2.38,2.44,62247622
2024-01-17,2.28,2.41,2.26,2.41,55451317
2024-01-18,2.23,2.31,2.18,2.28,56521620
2024-01-19,2.2,2.26,2.16,2.23,59137692
2024-01-20,2.27,2.27,2.17,2.2,47739699
2024-01-21,2.22,2.29,2.21,2.27,40585423
2024-01-22,2.12,2.23,2.11,2.22,47991008
2024-01-23,2.12,2.15,2.1,2.12,37826731
2024-01-24,2.12,2.18,2.1,2.12,26573783
2024-01-25,2.04,2.12,2.03,2.12,26870465
2024-01-26,2.08,2.12,2.04,2.04,24764712
2024-01-27,2.09,2.1,2.06,2.08,14590209
2024-01-28,2.12,2.13,2.08,2.08,14950658
2024-01-29,2.11,2.13,2.11,2.12,18493882
2024-01-30,2.08,2.13,2.08,2.11,26131517
2024-01-31,2.07,2.1,2.06,2.08,27904822
2024-02-01,2.08,2.09,2.03,2.07,27162533
2024-02-02,2.05,2.11,2.05,2.08,24498998
2024-02-03,2.04,2.06,2.03,2.05,17847446
2024-02-04,2.05,2.07,2.02,2.04,23686829
2024-02-05,2.05,2.07,2.04,2.05,22010051
2024-02-06,2.05,2.06,2.05,2.05,22238915
2024-02-07,2.05,2.06,2.03,2.05,27069902
2024-02-08,2.07,2.09,2.04,2.05,28333547
2024-02-09,2.08,2.09,2.06,2.07,33822273
2024-02-10,2.08,2.09,2.05,2.08,24162806
2024-02-11,2.08,2.13,2.08,2.08,29098310
2024-02-12,2.21,2.22,2.08,2.08,54465219
2024-02-13,2.16,2.25,2.16,2.21,41305145
2024-02-14,2.2,2.22,2.15,2.16,32745954
2024-02-15,2.21,2.26,2.18,2.2,43656100
2024-02-16,2.15,2.24,2.15,2.21,37007680
2024-02-17,2.23,2.24,2.13,2.15,33660078
2024-02-18,2.27,2.29,2.22,2.23,21362414
2024-02-19,2.27,2.29,2.23,2.27,23745637
2024-02-20,2.21,2.3,2.19,2.27,42163356
2024-02-21,2.13,2.21,2.1,2.21,44188457
2024-02-22,2.09,2.15,2.09,2.13,40474293
2024-02-23,2.08,2.12,2.06,2.09,37832647
2024-02-24,2.11,2.15,2.07,2.08,31654546
2024-02-25,2.12,2.14,2.09,2.11,31058690
2024-02-26,2.14,2.15,2.1,2.12,44278174
2024-02-27,2.16,2.2,2.13,2.14,45853809
2024-02-28,2.51,2.93,2.15,2.16,295883055
2024-02-29,2.48,2.74,2.44,2.51,132974405
2024-03-01,2.71,2.89,2.45,2.48,162897531
2024-03-02,2.72,2.75,2.66,2.71,86850173
2024-03-03,2.68,2.73,2.56,2.72,66164720
2024-03-04,2.74,2.77,2.65,2.68,101356209
2024-03-05,2.59,2.75,2.42,2.74,141944255
2024-03-06,2.68,2.76,2.56,2.59,150164384
2024-03-07,2.76,2.76,2.67,2.68,73459754
2024-03-08,2.84,2.84,2.69,2.76,116437279
2024-03-09,2.88,2.92,2.78,2.84,80921520
2024-03-10,2.82,2.88,2.78,2.88,68747625
2024-03-11,3.29,3.34,2.73,2.82,214123485
2024-03-12,4.08,4.19,3.27,3.29,338852122
2024-03-13,4.32,4.58,4.04,4.08,491530188
2024-03-14,4.03,4.36,3.8,4.32,247882847
2024-03-15,3.88,4.14,3.55,4.03,169945208
2024-03-16,3.53,3.91,3.48,3.88,99364509
2024-03-17,3.87,4.06,3.34,3.53,127002162
2024-03-18,3.83,4.03,3.64,3.86,154401043
2024-03-19,3.8,4.01,3.57,3.83,191262979
2024-03-20,4.23,4.33,3.71,3.8,239366080
2024-03-21,4.07,4.33,4.05,4.23,104768323
2024-03-22,4.44,4.48,4.04,4.07,190927156
2024-03-23,4.82,5.29,4.4,4.44,423112005
2024-03-24,4.97,5.13,4.81,4.82,276734344
2024-03-25,5.37,5.67,4.95,4.97,413749679
2024-03-26,5.04,5.42,5.0,5.37,270981772
2024-03-27,4.96,5.11,4.82,5.04,186003452
2024-03-28,4.9,5.12,4.8,4.96,141043721
2024-03-29,5.02,5.15,4.78,4.9,149322318
2024-03-30,5.26,5.35,5.0,5.02,178324742
2024-03-31,5.41,5.43,5.1,5.26,165373287
2024-04-01,5.34,5.52,5.1,5.41,244563942
2024-04-02,4.85,5.38,4.85,5.34,204049390
2024-04-03,4.96,5.22,4.74,4.85,152639480
2024-04-04,5.09,5.14,4.9,4.96,132111579
2024-04-05,5.34,5.5,5.06,5.09,260003890
2024-04-06,5.48,5.55,5.29,5.34,161084650
2024-04-07,5.37,5.49,5.34,5.48,106856796
2024-04-08,6.34,6.5,5.33,5.37,559121631
2024-04-09,6.69,7.08,6.32,6.34,786378293
2024-04-10,6.77,6.95,6.4,6.69,531292512
2024-04-11,7.25,7.65,6.71,6.77,748229370
2024-04-12,6.65,7.46,5.39,7.25,746936694
2024-04-13,5.95,6.94,5.35,6.65,898910548
2024-04-14,6.76,6.79,5.74,5.95,658770776
2024-04-15,6.56,7.21,6.54,6.76,595783529
2024-04-16,6.34,6.68,5.94,6.56,481935483
2024-04-17,6.08,6.67,6.04,6.34,428261504
2024-04-18,6.51,6.6,5.82,6.08,438199383
2024-04-19,6.08,7.23,5.99,6.51,1140717249
2024-04-20,6.22,6.35,5.93,6.08,314342827
2024-04-21,6.14,6.3,6.01,6.22,208390924
2024-04-22,5.93,6.21,5.83,6.14,240589343
2024-04-23,5.7,6.06,5.47,5.93,295497596
2024-04-24,5.55,5.97,5.47,5.7,273806058
2024-04-25,5.41,5.63,5.15,5.55,242945507
2024-04-26,5.32,5.46,5.28,5.41,168793234
2024-04-27,5.4,5.43,5.18,5.32,165795625
2024-04-28,5.42,5.59,5.39,5.4,125234664
2024-04-29,5.31,5.48,5.18,5.42,126154332
2024-04-30,5.16,5.41,5.0,5.31,259423705
2024-05-01,4.89,5.16,4.61,5.16,272864705
2024-05-02,5.14,5.26,4.69,4.89,207607592
2024-05-03,5.69,5.8,5.11,5.14,323130320
2024-05-04,5.75,5.83,5.67,5.69,175472981
2024-05-05,5.97,5.98,5.58,5.75,186032096
2024-05-06,5.78,6.19,5.77,5.97,253501369
2024-05-07,5.68,5.99,5.67,5.78,164592364
2024-05-08,5.76,5.92,5.61,5.68,205649661
2024-05-09,6.4,6.47,5.76,5.76,453078826
2024-05-10,6.77,7.18,6.31,6.4,771730099
2024-05-11,6.89,6.98,6.62,6.77,328410800
2024-05-12,6.95,7.07,6.82,6.89,296325364
2024-05-13,7.02,7.44,6.76,6.95,839225134
2024-05-14,6.85,7.19,6.59,7.02,491939884
2024-05-15,6.99,7.14,6.83,6.85,350166792
2024-05-16,6.77,7.05,6.35,7.0,828819444
2024-05-17,6.62,6.78,6.55,6.77,372977555
2024-05-18,6.4,6.66,6.37,6.62,233193557
2024-05-19,6.26,6.56,6.24,6.4,170287351
2024-05-20,6.56,6.63,6.22,6.26,249736075
2024-05-21,6.32,6.71,6.32,6.56,281188453
2024-05-22,6.53,6.61,6.19,6.32,321803302
2024-05-23,6.2,6.72,6.02,6.53,342714878
2024-05-24,6.39,6.4,6.07,6.2,148520885
2024-05-25,6.38,6.48,6.29,6.39,137752817
2024-05-26,6.31,6.43,6.29,6.38,108700713
2024-05-27,6.39,6.5,6.31,6.31,163615771
2024-05-28,6.46,6.49,6.24,6.39,170539814
2024-05-29,6.49,6.57,6.42,6.46,169988029
2024-05-30,6.48,6.55,6.34,6.49,166527215
2024-05-31,6.34,6.48,6.33,6.47,140549136
2024-06-01,6.29,6.36,6.27,6.34,127590232
2024-06-02,6.82,6.97,6.28,6.29,377229379
2024-06-03,6.81,7.03,6.57,6.82,353333409
2024-06-04,7.31,7.31,6.73,6.81,355355808
2024-06-05,7.2,7.78,7.13,7.31,512581200
2024-06-06,7.54,7.54,7.13,7.2,306885619
2024-06-07,7.21,7.74,6.86,7.54,503389719
2024-06-08,7.03,7.43,7.0,7.21,257312227
2024-06-09,7.11,7.16,6.92,7.03,246335084
2024-06-10,7.22,7.22,7.0,7.11,238586341
2024-06-11,6.94,7.24,6.76,7.22,277715653
2024-06-12,7.47,7.56,6.9,6.94,412193448
2024-06-13,7.76,7.76,7.34,7.47,466684286
2024-06-14,8.18,8.21,7.75,7.76,690256712
2024-06-15,7.91,8.24,7.87,8.18,359049366
2024-06-16,7.94,8.08,7.76,7.91,260687414
2024-06-17,7.7,8.01,7.62,7.94,385535237
2024-06-18,7.13,7.7,6.93,7.7,496456275
2024-06-19,6.95,7.23,6.8,7.13,314184040
2024-06-20,7.15,7.27,6.93,6.95,258372076
2024-06-21,7.11,7.31,7.05,7.15,295950590
2024-06-22,7.34,7.34,7.07,7.11,162105927
2024-06-23,7.51,7.72,7.33,7.34,299662848
2024-06-24,7.49,7.58,7.15,7.51,423572944
2024-06-25,7.49,7.71,7.45,7.49,309236943
2024-06-26,7.64,7.66,7.41,7.49,241080242
2024-06-27,7.78,7.83,7.57,7.64,263039326
2024-06-28,7.49,7.78,7.44,7.78,208562010
2024-06-29,7.6,7.66,7.46,7.48,157847146
2024-06-30,7.64,7.72,7.57,7.6,167404824
2024-07-01,7.74,7.81,7.59,7.64,194510689
2024-07-02,8.08,8.08,7.73,7.74,298929927
2024-07-03,7.88,8.1,7.75,8.08,389590642
2024-07-04,7.15,7.89,7.06,7.88,538742048
2024-07-05,7.22,7.3,6.44,7.15,742497312
2024-07-06,7.61,7.7,7.22,7.22,343691111
2024-07-07,7.07,7.61,7.06,7.61,311076498
2024-07-08,7.12,7.36,6.89,7.07,437327914
2024-07-09,7.3,7.35,7.12,7.12,249181913
2024-07-10,7.26,7.42,7.23,7.3,211594277
2024-07-11,7.31,7.31,7.13,7.26,228774183
2024-07-12,7.33,7.38,7.22,7.31,221030170
2024-07-13,7.28,7.37,7.28,7.33,158840676
2024-07-14,7.43,7.44,7.27,7.28,182644258
2024-07-15,7.63,7.63,7.39,7.43,261722865
2024-07-16,7.28,7.64,7.27,7.63,287520092
2024-07-17,7.11,7.34,7.11,7.28,230215150
2024-07-18,7.25,7.27,7.11,7.11,206892597
2024-07-19,7.3,7.31,7.22,7.25,197733942
2024-07-20,7.27,7.35,7.27,7.3,140650546
2024-07-21,7.17,7.31,7.06,7.27,196773567
2024-07-22,6.98,7.21,6.93,7.17,229331374
2024-07-23,6.86,7.01,6.81,6.98,229554994
2024-07-24,6.86,6.99,6.84,6.86,185086887
2024-07-25,6.61,6.86,6.48,6.86,293104800
2024-07-26,6.72,6.82,6.61,6.61,173221306
2024-07-27,6.65,6.74,6.6,6.72,158446809
2024-07-28,6.62,6.65,6.52,6.65,135146637
2024-07-29,6.63,6.8,6.62,6.62,194375268
2024-07-30,6.73,6.74,6.6,6.63,155186594
2024-07-31,6.76,6.88,6.72,6.73,197085522
2024-08-01,6.74,6.87,6.64,6.76,272184160
2024-08-02,6.19,6.74,6.18,6.74,293843318
2024-08-03,5.96,6.19,5.84,6.19,269819631
2024-08-04,6.02,6.17,5.82,5.96,361349747
2024-08-05,5.3,6.03,4.89,6.02,1073401419
2024-08-06,5.77,5.83,5.29,5.3,371118791
2024-08-07,5.44,5.81,5.37,5.77,317840619
2024-08-08,6.23,6.4,5.41,5.44,1109450650
2024-08-09,6.61,6.78,6.12,6.23,773702524
2024-08-10,6.68,6.83,6.61,6.61,315349202
2024-08-11,6.21,6.71,6.18,6.68,297913216
2024-08-12,6.27,6.62,6.08,6.21,499242246
2024-08-13,6.47,6.52,6.21,6.27,319093948
2024-08-14,6.91,7.25,6.41,6.47,689758696
2024-08-15,6.62,6.91,6.46,6.91,450312244
2024-08-16,6.55,6.87,6.41,6.62,500857409
2024-08-17,6.44,6.57,6.41,6.55,185786009
2024-08-18,6.91,7.07,6.43,6.44,338142536
2024-08-19,6.82,7.06,6.73,6.91,431458568
2024-08-20,6.71,6.92,6.61,6.83,260402957
2024-08-21,6.5,6.76,6.49,6.68,281602542
2024-08-22,6.5,6.59,6.47,6.5,246630587
2024-08-23,6.72,6.81,6.5,6.5,258048301
2024-08-24,5.92,6.87,5.52,6.72,1312472219
2024-08-25,5.79,5.96,5.32,5.92,1807572281
2024-08-26,5.12,5.82,5.08,5.79,991748884
2024-08-27,5.45,5.63,5.12,5.12,703687795
2024-08-28,5.52,5.89,5.15,5.45,1434235826
2024-08-29,5.45,5.64,5.38,5.52,363616609
2024-08-30,5.37,5.5,5.28,5.45,266361962
2024-08-31,5.42,5.43,5.29,5.37,197346618
2024-09-01,5.19,5.45,5.16,5.42,209379464
2024-09-02,5.22,5.24,5.1,5.19,218904191
2024-09-03,4.89,5.27,4.87,5.22,275350664
2024-09-04,4.62,4.92,4.58,4.89,373830881
2024-09-05,4.81,4.88,4.53,4.62,348076659
2024-09-06,4.65,4.9,4.47,4.81,398077456
2024-09-07,4.67,4.69,4.6,4.65,162608199
2024-09-08,4.9,4.94,4.65,4.67,186735328
2024-09-09,5.22,5.27,4.88,4.9,315346706
2024-09-10,5.54,5.55,5.17,5.22,254763959
2024-09-11,5.39,5.54,5.17,5.54,288127046
2024-09-12,5.59,5.68,5.36,5.39,310252364
2024-09-13,5.81,5.88,5.48,5.59,329564442
2024-09-14,5.68,5.84,5.66,5.81,205389327
2024-09-15,5.56,5.76,5.53,5.68,225310173
2024-09-16,5.48,5.6,5.38,5.56,223566587
2024-09-17,5.52,5.59,5.42,5.48,247007695
2024-09-18,5.63,5.64,5.44,5.52,242649194
2024-09-19,5.68,5.81,5.62,5.63,280702602
2024-09-20,5.58,5.8,5.56,5.68,275251635
2024-09-21,5.67,5.7,5.46,5.58,172465672
2024-09-22,5.63,5.7,5.51,5.67,189763121
2024-09-23,5.64,5.72,5.56,5.63,231326378
2024-09-24,5.62,5.65,5.47,5.64,205135982
2024-09-25,5.73,5.81,5.57,5.62,305497403
2024-09-26,5.79,5.93,5.64,5.73,350762834
2024-09-27,5.99,6.12,5.73,5.79,368892168
2024-09-28,5.89,6.07,5.83,5.99,221694229
2024-09-29,5.85,5.9,5.74,5.89,225635437
2024-09-30,5.72,5.87,5.69,5.85,238646774
2024-10-01,5.38,5.84,5.25,5.72,428468559
2024-10-02,5.3,5.51,5.27,5.38,282548020
2024-10-03,5.33,5.33,5.15,5.3,276670518
2024-10-04,5.4,5.42,5.31,5.33,160227306
2024-10-05,5.23,5.43,5.19,5.4,145490889
2024-10-06,5.31,5.33,5.18,5.23,165493018
2024-10-07,5.2,5.38,5.2,5.31,208704999
2024-10-08,5.2,5.25,5.15,5.2,207988253
2024-10-09,5.07,5.24,5.01,5.2,186632567
2024-10-10,5.13,5.13,5.0,5.07,160974916
2024-10-11,5.21,5.26,5.12,5.13,135179818
2024-10-12,5.24,5.31,5.2,5.21,132475876
2024-10-13,5.19,5.3,5.12,5.24,158528328
2024-10-14,5.32,5.36,5.16,5.19,201760459
2024-10-15,5.22,5.34,5.14,5.32,256452213
2024-10-16,5.23,5.3,5.17,5.22,167966035
2024-10-17,5.18,5.26,5.11,5.23,178219704
2024-10-18,5.25,5.25,5.17,5.18,150624909
2024-10-19,5.27,5.28,5.23,5.25,102782022
2024-10-20,5.34,5.34,5.25,5.27,120943140
2024-10-21,5.2,5.4,5.17,5.35,184183311
2024-10-22,5.22,5.28,5.16,5.2,171383571
2024-10-23,5.12,5.22,5.02,5.22,163656068
2024-10-24,5.12,5.18,5.09,5.14,138137599
2024-10-25,4.77,5.13,4.61,5.12,283519664
2024-10-26,4.92,4.99,4.74,4.77,180540640
2024-10-27,4.98,4.98,4.9,4.92,109124190
2024-10-28,5.01,5.04,4.93,4.98,161375938
2024-10-29,5.02,5.13,4.99,5.01,199046912
2024-10-30,4.99,5.06,4.96,5.02,206051675
2024-10-31,4.84,5.0,4.77,4.99,160655005
2024-11-01,4.89,4.94,4.8,4.84,168921862
2024-11-02,4.87,4.96,4.85,4.89,124956232
2024-11-03,4.82,4.88,4.67,4.87,202981118
2024-11-04,4.7,4.9,4.68,4.82,173616114
2024-11-05,4.68,4.73,4.55,4.7,224654341
2024-11-06,4.81,4.84,4.66,4.68,369331695
2024-11-07,4.9,5.0,4.77,4.8,335011252
2024-11-08,4.93,4.98,4.84,4.91,221083236
2024-11-09,5.25,5.29,4.91,4.93,378490818
2024-11-10,5.28,5.57,5.06,5.25,552926980
2024-11-11,5.5,5.51,5.2,5.28,540765792
2024-11-12,5.48,5.72,5.11,5.5,772895626
2024-11-13,5.26,5.56,5.14,5.48,559268692
2024-11-14,5.24,5.48,5.19,5.26,508783569
2024-11-15,5.4,5.41,5.16,5.24,404301024
2024-11-16,5.65,5.82,5.37,5.38,486187296
2024-11-17,5.38,5.72,5.3,5.65,369134261
2024-11-18,5.57,5.61,5.37,5.38,312006875
2024-11-19,5.45,5.68,5.38,5.57,298480154
2024-11-20,5.29,5.47,5.21,5.45,314954911
2024-11-21,5.51,5.59,5.24,5.29,468470303
2024-11-22,5.45,5.59,5.39,5.51,390678936
2024-11-23,6.31,6.58,5.45,5.45,1222246334
2024-11-24,6.15,6.59,5.83,6.31,780402261
2024-11-25,6.09,6.3,5.97,6.15,639110525
2024-11-26,6.14,6.3,5.71,6.09,598752895
2024-11-27,6.38,6.47,6.13,6.14,478250616
2024-11-28,6.44,6.6,6.25,6.38,470594100
2024-11-29,6.46,6.54,6.33,6.44,279119447
2024-11-30,6.83,6.99,6.43,6.46,441656646
2024-12-01,6.86,6.97,6.67,6.83,352226237
2024-12-02,6.57,6.89,6.37,6.84,537334830
2024-12-03,6.78,6.8,6.36,6.57,577805830
2024-12-04,6.89,7.2,6.78,6.78,689800203
2024-12-05,6.8,7.03,6.62,6.89,603075523
2024-12-06,6.81,6.95,6.64,6.8,398485500
2024-12-07,6.81,6.93,6.77,6.81,263268547
2024-12-08,6.78,6.85,6.66,6.84,243437187
2024-12-09,5.79,6.82,5.38,6.79,704572660
2024-12-10,5.95,5.96,5.51,5.79,612559914
2024-12-11,6.35,6.36,5.78,5.95,337608697
2024-12-12,6.34,6.51,6.27,6.35,336630984
2024-12-13,6.28,6.45,6.23,6.34,261335526
2024-12-14,6.24,6.39,6.08,6.33,226794671
2024-12-15,6.39,6.42,6.11,6.24,213512340
2024-12-16,6.06,6.45,5.98,6.39,430431828
2024-12-17,5.81,6.14,5.77,6.06,332235463
2024-12-18,5.44,5.86,5.34,5.81,507792374
2024-12-19,5.2,5.49,5.1,5.44,595247400
2024-12-20,5.45,5.47,4.81,5.2,617492391
2024-12-21,5.3,5.66,5.21,5.45,281560112
2024-12-22,5.38,5.49,5.2,5.3,220994733
2024-12-23,5.59,5.62,5.3,5.38,245334053
2024-12-24,5.79,5.82,5.51,5.59,199124668
2024-12-25,5.94,6.09,5.79,5.79,244649394
2024-12-26,5.75,5.99,5.66,5.94,209244798
2024-12-27,5.72,5.86,5.67,5.73,214866966
2024-12-28,5.8,5.86,5.62,5.72,161656766
2024-12-29,5.63,5.83,5.58,5.8,144186058
2024-12-30,5.58,5.7,5.47,5.63,178249340
2024-12-31,5.49,5.63,5.47,5.58,151371109
2025-01-01,5.5,5.54,5.4,5.49,151705343
2025-01-02,5.64,5.7,5.5,5.5,174927483
2025-01-03,5.79,5.82,5.59,5.64,191812131
2025-01-04,5.73,5.82,5.69,5.79,157112300
2025-01-05,5.73,5.74,5.64,5.73,133098202
2025-01-06,5.71,5.8,5.66,5.73,183553973
2025-01-07,5.32,5.76,5.31,5.71,245208453
2025-01-08,5.31,5.36,5.11,5.32,270970488
2025-01-09,5.2,5.34,5.1,5.31,217245707
2025-01-10,5.38,5.39,5.14,5.2,197427105
2025-01-11,5.4,5.47,5.33,5.38,151530565
2025-01-12,5.3,5.43,5.28,5.4,149468196
2025-01-13,5.29,5.36,5.0,5.3,257194936
2025-01-14,5.36,5.44,5.22,5.29,169483114
2025-01-15,5.52,5.52,5.31,5.36,187531642
2025-01-16,5.48,5.57,5.43,5.52,192077292
2025-01-17,5.59,5.63,5.47,5.48,178842056
2025-01-18,5.29,5.66,5.17,5.59,221292125
2025-01-19,4.85,5.35,4.8,5.29,362156523
2025-01-20,5.03,5.23,4.75,4.85,441079519
2025-01-21,5.2,5.23,4.92,5.03,270269233
2025-01-22,5.29,5.36,5.17,5.2,205495327
2025-01-23,5.13,5.32,5.05,5.29,235771432
2025-01-24,5.06,5.18,5.03,5.13,176047460
2025-01-25,5.08,5.11,5.02,5.06,116226893
2025-01-26,4.94,5.11,4.94,5.08,105908882
2025-01-27,5.01,5.02,4.69,4.94,248870057
2025-01-28,4.79,5.03,4.75,5.01,127047010
2025-01-29,4.82,4.89,4.77,4.79,136236047
2025-01-30,4.82,4.94,4.79,4.82,170144211
2025-01-31,4.83,4.95,4.79,4.82,161671003
2025-02-01,4.61,4.91,4.56,4.83,153619583
2025-02-02,4.05,4.68,3.94,4.61,370318207
2025-02-03,4.08,4.13,3.18,4.05,793121973
2025-02-04,3.79,4.12,3.67,4.08,275713905
2025-02-05,3.78,3.9,3.76,3.79,138326161
2025-02-06,3.74,3.91,3.7,3.78,153490922
2025-02-07,3.72,3.86,3.64,3.74,164063385
2025-02-08,3.74,3.8,3.67,3.72,106876959
2025-02-09,3.82,3.93,3.71,3.74,145434021
2025-02-10,3.82,3.85,3.75,3.82,110161367
2025-02-11,3.75,3.9,3.7,3.82,127621211
2025-02-12,3.83,3.83,3.62,3.75,152548868
2025-02-13,3.71,3.88,3.66,3.83,160798925
2025-02-14,3.85,3.89,3.7,3.71,129181676
2025-02-15,3.79,3.87,3.74,3.85,97552972
2025-02-16,3.78,3.84,3.75,3.79,110030441
2025-02-17,3.76,3.85,3.73,3.78,131486475
2025-02-18,3.66,3.76,3.57,3.76,136190122
2025-02-19,3.54,3.69,3.5,3.66,182708873
2025-02-20,3.61,3.64,3.53,3.54,162179173
2025-02-21,3.56,3.71,3.52,3.61,210333966
2025-02-22,3.74,3.75,3.55,3.56,158419545
2025-02-23,3.77,3.81,3.74,3.74,153156651
2025-02-24,3.41,3.79,3.4,3.77,167791530
2025-02-25,3.55,3.59,3.35,3.41,242350114
2025-02-26,3.49,3.62,3.4,3.55,205654019
2025-02-27,3.42,3.51,3.33,3.49,134881100
2025-02-28,3.33,3.44,3.13,3.42,251661053
2025-03-01,3.32,3.35,3.22,3.33,138173759
2025-03-02,3.51,3.57,3.29,3.32,213707337
2025-03-03,3.06,3.51,3.05,3.51,206411818
2025-03-04,3.12,3.16,2.83,3.06,256094827
2025-03-05,3.03,3.16,2.92,3.12,194031719
2025-03-06,3.04,3.11,3.01,3.03,167561085
2025-03-07,2.99,3.1,2.9,3.04,204757856
2025-03-08,2.95,3.0,2.94,2.99,116683946
2025-03-09,2.65,2.96,2.61,2.95,192544172
2025-03-10,2.53,2.8,2.47,2.65,258158952
2025-03-11,2.64,2.73,2.38,2.53,282302771
2025-03-12,2.74,2.78,2.59,2.64,157782415
2025-03-13,2.76,2.79,2.68,2.74,135489002
2025-03-14,2.92,2.95,2.76,2.76,164031889
2025-03-15,3.59,3.61,2.91,2.92,698097880
2025-03-16,3.45,3.59,3.34,3.59,373283708
2025-03-17,3.45,3.65,3.39,3.45,333099010
2025-03-18,3.56,3.66,3.41,3.45,285175189
2025-03-19,3.66,3.77,3.53,3.56,307807458
2025-03-20,3.7,3.83,3.59,3.66,276413602
2025-03-21,3.58,3.79,3.52,3.7,191643866
2025-03-22,3.67,3.69,3.58,3.58,98189859
2025-03-23,3.68,3.72,3.63,3.67,114564529
2025-03-24,3.66,3.76,3.63,3.68,145454119
2025-03-25,3.6,3.69,3.56,3.66,115958194
2025-03-26,3.7,3.7,3.54,3.6,126876638
2025-03-27,4.04,4.07,3.69,3.7,319335517
2025-03-28,3.79,4.07,3.79,4.04,398494024
2025-03-29,3.7,3.84,3.66,3.79,157797361
2025-03-30,3.9,3.97,3.64,3.7,278423782
2025-03-31,4.11,4.15,3.84,3.9,348820273
2025-04-01,4.06,4.2,4.0,4.11,262803829
2025-04-02,3.84,4.09,3.81,4.06,236329306
2025-04-03,3.59,3.88,3.55,3.84,219925868
2025-04-04,3.41,3.59,3.34,3.59,219232172
2025-04-05,3.26,3.42,3.22,3.41,119698223
2025-04-06,2.91,3.33,2.86,3.26,191616320
2025-04-07,3.11,3.16,2.85,2.91,422683181
2025-04-08,2.98,3.18,2.91,3.11,125519532
