,volume,available_supply,id,last_updated,market_cap_usd,max_supply,name,percent_change_1h,percent_change_24h,percent_change_7d,price_btc,price_usd,rank,symbol,total_supply,Pred
0,763,205,128,14,554,34,145,116,903,538,644,949,0,181,196,0
1,763,802,455,13,554,104,441,16,293,349,644,949,438,423,821,0
2,763,210,130,38,554,34,147,222,358,273,644,949,549,107,200,0
3,763,381,664,31,554,20,609,105,820,439,644,949,660,714,666,1
4,763,381,1005,1,554,20,976,157,282,79,175,741,771,1257,666,1
5,763,716,331,2,554,26,333,196,269,433,644,949,882,300,740,0
6,763,593,723,2,554,94,699,15,505,714,644,949,993,671,609,1
7,763,200,132,42,554,34,150,63,440,40,644,949,1104,191,199,0
8,763,163,789,4,554,104,763,105,717,828,644,949,1215,1239,156,1
9,763,381,236,39,554,20,239,25,364,364,663,630,1,24,666,0
10,763,810,457,16,554,104,443,17,276,355,644,949,112,421,828,0
11,763,381,816,19,554,104,784,53,12,496,217,760,223,1225,666,1
12,763,381,442,30,554,104,396,248,743,966,644,949,334,411,666,0
13,763,659,817,18,554,104,785,197,408,390,644,949,372,758,3,1
14,763,381,1108,9,554,104,1078,105,820,886,10,639,383,1235,666,1
15,763,602,788,4,554,104,760,266,820,439,644,949,394,726,620,1
16,763,421,144,22,554,48,134,150,766,506,644,949,405,103,771,0
17,763,69,720,13,554,104,693,185,197,510,644,949,416,669,73,1
18,763,389,1306,19,554,104,1275,69,944,136,644,949,427,1282,393,1
19,763,17,854,32,554,104,826,54,420,718,644,949,439,799,131,1
20,763,697,964,28,554,104,934,138,472,92,644,949,450,910,9,1
21,763,381,1158,9,554,104,1128,121,5,1,596,930,461,1139,666,1
22,763,5,1265,16,554,104,1231,180,323,628,644,949,472,1180,3,1
23,763,817,1115,19,554,104,1084,212,388,529,644,949,483,1037,835,1
24,763,502,925,31,554,77,900,33,611,859,644,949,494,871,605,1
25,763,513,613,34,554,94,593,127,461,121,644,949,505,562,518,0
26,763,381,60,18,554,101,63,199,385,891,420,862,516,66,666,0
27,763,381,163,5,554,20,139,266,946,1042,100,700,527,195,666,0
28,763,381,221,20,554,20,215,105,487,683,172,139,538,108,666,0
29,763,808,64,28,554,104,67,132,189,682,644,949,550,70,108,0
30,763,381,842,1,554,3,813,255,394,1074,311,809,561,785,666,1
31,763,503,1239,3,554,94,1209,40,458,943,644,949,572,1174,509,1
32,763,50,79,12,554,104,78,24,416,475,644,949,583,930,55,0
33,763,649,342,13,554,104,342,172,82,33,644,949,594,310,692,0
34,763,344,1106,15,554,104,1076,221,470,572,644,949,605,1033,373,1
35,763,381,960,47,554,104,930,105,5,236,571,920,616,899,666,1
36,763,24,693,21,554,104,664,128,69,581,644,949,627,634,28,1
37,763,305,415,3,554,104,409,221,820,439,644,949,638,402,296,0
38,763,576,1032,38,554,104,997,68,409,825,644,949,649,961,83,1
39,763,282,1235,28,554,104,1205,184,631,778,644,949,661,1150,3,1
40,763,381,375,2,554,104,371,241,32,1052,212,149,672,341,666,0
41,763,381,1057,11,554,104,1032,256,314,780,559,274,683,965,666,1
42,763,381,570,25,554,104,553,17,372,711,268,787,694,519,666,0
43,763,381,746,4,554,104,721,266,773,512,452,875,705,684,541,1
44,763,598,911,13,554,104,843,62,422,610,644,949,716,846,616,1
45,763,28,1152,30,554,104,1122,201,424,143,644,949,727,822,271,1
46,763,819,108,32,554,104,119,105,358,663,644,949,738,152,250,0
47,763,381,1104,30,554,104,1074,156,328,644,481,555,749,1012,666,1
48,763,381,931,42,554,104,904,239,391,442,467,882,760,868,666,1
49,763,351,1263,39,554,2,1230,170,98,893,644,949,772,1201,698,1
50,763,770,485,11,554,104,471,140,205,400,644,949,783,448,785,0
51,763,273,367,14,554,104,365,6,95,278,644,949,794,324,253,0
52,763,381,1138,6,554,95,1106,172,527,751,308,808,805,1054,599,1
53,763,381,92,27,554,104,105,88,357,395,121,713,816,97,666,0
54,763,629,1035,34,554,104,1012,29,714,439,644,949,827,962,766,1
55,763,348,478,41,554,104,460,266,759,129,644,949,838,1266,666,1
56,99,106,141,8,554,104,159,39,378,403,644,949,849,183,107,0
57,763,120,699,37,554,104,670,85,459,491,644,949,860,635,293,1
58,763,657,219,21,554,104,213,226,207,387,644,949,871,504,1,0
59,322,534,309,39,554,35,307,11,558,946,644,949,883,254,36,0
60,763,456,1309,19,554,104,1272,194,677,452,644,949,894,1272,464,1
61,763,381,222,33,554,104,216,266,803,823,84,688,905,192,666,0
62,763,381,1229,35,554,104,1199,259,618,439,438,871,916,1149,666,1
63,763,760,542,31,554,2,530,56,444,334,644,949,927,496,78,0
64,763,824,631,20,554,104,611,73,337,706,644,949,938,578,840,0
65,763,216,955,9,554,61,926,177,812,836,543,912,949,891,215,1
66,763,381,1190,36,554,104,1111,42,857,356,172,138,960,1104,666,1
67,763,381,356,2,554,104,354,220,341,478,70,357,971,321,666,0
68,763,51,560,27,554,104,544,158,438,483,644,949,982,518,2,0
69,763,571,979,45,554,104,954,105,131,219,644,949,994,924,3,1
70,763,655,537,7,554,104,525,52,374,5,644,949,1005,493,679,0
71,763,328,25,27,554,104,33,64,400,394,432,867,1016,33,387,0
72,763,38,786,31,554,104,761,37,126,987,644,949,1027,698,425,1
73,763,381,529,30,554,104,509,28,413,808,232,453,1038,481,666,0
74,763,381,262,37,554,104,260,212,111,972,283,795,1049,290,666,0
75,763,564,185,7,554,104,188,118,442,397,644,949,1060,144,573,0
76,763,639,814,4,554,104,783,266,791,937,644,949,1071,753,664,1
77,763,257,766,31,554,104,741,50,92,1008,644,949,1082,740,687,1
78,763,381,0,34,554,104,0,182,512,592,161,731,1093,1295,666,0
79,608,403,777,42,554,28,752,121,141,792,644,949,1105,722,644,1
80,763,381,1116,45,554,104,1085,266,820,784,76,681,1116,302,666,1
81,763,705,468,32,554,104,451,105,340,229,644,949,1127,425,303,0
82,763,495,90,30,554,104,103,171,412,8,644,949,1138,153,748,0
83,763,381,1233,7,554,20,1203,62,350,573,549,244,1149,1269,666,1
84,763,381,250,37,554,104,250,266,784,1003,231,766,1160,658,666,0
85,763,741,409,26,554,104,406,266,141,904,644,949,1171,379,115,0
86,763,492,589,31,554,2,522,8,427,132,644,949,1182,541,3,0
87,763,32,1112,30,554,104,1081,45,90,657,574,922,1193,1036,521,1
88,763,299,1304,35,554,3,1264,266,820,439,370,844,1204,1278,406,1
89,763,308,930,2,554,69,903,208,900,844,354,836,1216,867,299,1
90,763,595,831,9,554,104,803,232,370,723,644,949,1227,784,612,1
91,250,622,1066,25,554,2,1038,266,966,1031,644,949,1238,995,350,1
92,763,463,769,29,554,2,744,11,473,237,644,949,1249,427,622,0
93,763,381,1061,18,554,104,1034,105,104,392,36,658,1260,1009,666,1
94,763,317,1120,37,554,104,1088,83,492,1054,301,802,1271,1043,458,1
95,763,480,1200,6,554,104,1172,188,334,548,644,949,1282,1115,482,1
96,763,368,290,2,554,104,286,99,631,518,644,949,1293,1216,371,0
97,763,381,13,35,554,3,22,197,622,735,210,758,1304,23,666,0
98,984,240,983,38,554,3,946,11,701,1035,350,835,1315,934,666,1
99,763,341,1311,30,554,34,1277,105,435,392,644,949,2,1284,338,1
100,763,676,582,4,554,6,564,19,460,1000,644,949,13,531,694,0
101,763,627,20,31,554,2,25,236,431,17,644,949,24,31,3,0
102,61,374,737,20,554,104,708,107,6,51,221,763,35,662,666,1
103,763,381,731,36,554,104,703,20,123,607,205,754,46,668,666,1
104,763,338,891,1,554,104,868,55,96,49,644,949,57,869,334,1
105,763,719,879,33,554,104,856,34,9,701,644,949,68,819,786,1
106,763,381,119,8,554,104,129,192,133,712,488,558,79,98,666,0
107,763,381,965,46,554,104,935,91,465,365,645,618,90,908,666,1
108,763,381,1028,13,554,20,1006,266,820,439,260,463,101,959,666,1
109,763,381,1004,47,554,104,975,145,454,867,15,642,113,922,666,1
110,565,590,486,3,554,104,472,103,275,465,644,949,124,440,602,0
111,763,430,56,26,554,104,60,38,78,26,644,949,135,57,486,0
112,591,809,781,29,554,104,755,111,339,440,460,878,146,710,3,1
113,763,587,967,27,554,6,937,167,199,467,644,949,157,907,680,1
114,763,381,995,41,554,104,967,203,443,760,580,593,168,931,666,1
115,763,117,978,23,554,15,953,266,686,439,366,841,179,1253,120,1
116,763,244,996,43,554,71,968,105,683,791,256,783,190,913,568,1
117,763,243,494,1,554,59,479,35,91,370,251,780,201,477,222,0
118,763,779,1276,23,554,104,1242,55,30,1055,464,880,212,1193,3,1
119,763,321,1240,5,554,39,1210,179,665,750,644,949,224,1152,314,1
120,763,381,340,36,554,104,340,105,712,834,201,431,235,685,666,0
121,763,5,763,25,554,104,738,150,669,439,430,866,246,706,3,1
122,181,365,268,38,554,104,267,261,928,956,147,726,257,256,666,0
123,771,381,77,38,554,104,16,105,130,153,70,358,268,79,666,0
124,364,381,688,40,554,104,659,16,540,543,551,982,279,631,666,1
125,662,190,662,7,554,104,602,21,270,70,644,949,290,601,181,0
126,763,788,696,41,554,104,667,266,342,489,434,868,301,626,219,1
127,197,744,888,39,554,21,863,11,421,337,453,876,312,870,188,1
128,763,723,1009,28,554,104,1316,266,163,1044,465,881,323,941,782,1
129,763,381,1085,28,554,104,1004,169,479,461,35,657,335,1010,533,1
130,700,101,815,36,554,104,792,108,937,782,644,949,346,757,121,1
131,666,143,22,10,554,104,30,105,76,36,644,949,357,34,137,0
132,539,516,859,40,554,2,830,206,152,261,644,949,365,812,764,1
133,763,702,439,39,554,104,429,266,534,769,476,885,366,406,146,0
134,891,381,495,2,554,104,480,203,820,1064,668,5,367,1077,666,1
135,763,55,1007,16,554,104,978,205,147,634,339,825,368,938,62,1
136,485,499,430,6,554,104,422,221,925,570,644,949,369,401,505,0
137,763,475,759,27,554,104,710,105,459,439,644,949,370,696,3,1
138,763,793,1194,25,554,2,1236,266,867,624,404,854,371,1101,3,1
139,763,23,555,11,554,104,539,105,820,439,348,833,373,507,27,0
140,763,787,67,25,554,104,70,36,286,374,402,853,374,1205,60,0
141,763,230,648,45,554,3,626,105,570,852,200,750,375,596,666,0
142,763,620,761,23,554,104,736,163,390,351,644,949,376,716,724,1
143,763,381,270,34,554,104,268,79,161,872,16,643,377,235,581,0
144,763,584,338,20,554,104,323,179,139,595,547,914,378,312,717,0
145,953,612,676,10,554,104,647,260,820,933,644,949,379,618,1,0
146,763,146,811,1,554,104,789,74,723,523,644,949,380,769,140,1
147,763,381,894,18,554,104,871,266,804,1040,441,535,381,832,666,1
148,763,177,1058,10,554,104,1000,266,760,860,644,949,382,984,166,1
149,763,707,172,9,554,104,175,266,820,439,425,863,384,1292,728,0
150,763,381,275,34,554,104,273,209,820,1027,492,560,385,231,666,0
151,763,509,26,10,554,104,34,18,134,989,582,925,386,37,514,0
152,763,350,1271,4,554,104,1238,11,741,439,73,679,387,1271,345,1
153,763,153,31,39,554,104,39,75,186,448,208,757,388,75,581,0
154,763,583,266,6,554,104,264,140,838,1043,644,949,389,244,592,0
155,763,381,989,3,554,104,961,266,401,978,47,107,390,923,666,1
156,763,381,1169,47,554,104,1138,182,880,664,271,471,391,1084,666,1
157,763,757,502,18,554,104,486,183,99,353,356,837,392,3,814,0
158,763,218,782,40,554,47,756,129,182,67,644,949,393,723,386,1
159,763,295,1253,20,549,35,1220,227,125,439,96,696,395,1165,285,1
160,763,381,1318,39,548,104,1284,141,44,432,255,460,396,1296,666,1
161,763,381,1166,36,538,104,1136,65,434,147,544,578,397,1085,666,1
162,763,56,714,16,530,104,673,253,132,1013,245,775,398,645,585,1
163,763,694,852,8,525,6,819,174,157,640,378,846,399,797,719,1
164,655,381,585,3,524,104,567,104,883,713,588,597,400,768,548,0
165,529,359,354,1,523,104,353,104,555,666,644,949,401,337,362,0
166,908,318,905,33,521,104,881,9,346,587,56,672,402,854,666,1
167,759,739,1140,24,517,104,1112,8,746,10,644,949,403,1055,762,1
168,930,740,1125,6,506,104,1093,260,380,119,644,949,404,1130,763,1
169,763,237,663,15,497,104,608,105,846,550,644,949,406,602,328,0
170,307,481,579,43,495,104,561,11,267,74,528,905,407,528,406,0
171,763,487,188,34,489,104,190,96,526,439,516,900,408,1079,670,0
172,763,235,145,29,485,104,161,102,225,292,644,949,409,199,192,0
173,763,426,1187,19,480,104,1155,266,345,331,585,926,410,1098,432,1
174,763,36,414,39,477,104,408,105,798,727,644,949,411,380,798,0
175,494,285,835,17,471,104,805,266,389,234,49,666,412,767,268,1
176,763,703,588,25,470,104,731,133,462,1077,318,814,413,539,836,0
177,763,63,1054,11,463,104,1029,229,758,613,644,949,414,981,69,1
178,763,109,839,29,462,34,812,24,135,824,644,949,415,770,316,1
179,763,673,247,34,456,104,247,187,72,65,344,830,417,285,830,0
180,642,37,196,5,453,25,197,144,850,439,644,949,418,100,38,0
181,509,381,260,40,452,104,258,167,24,805,138,398,419,250,666,0
182,763,711,174,3,451,104,176,233,344,520,307,807,420,142,734,0
183,763,381,371,34,450,104,1300,30,79,969,390,514,421,340,666,1
184,500,381,159,36,446,104,1299,266,119,404,654,312,422,162,666,0
185,656,103,1288,8,442,104,1260,218,396,497,163,733,423,1207,104,1
186,615,187,300,7,437,104,296,45,560,611,644,949,424,277,177,0
187,763,796,708,10,435,3,674,148,761,799,234,767,425,652,24,1
188,763,483,72,36,433,54,14,258,468,379,487,889,426,77,593,0
189,763,771,417,29,431,104,411,60,124,20,264,781,428,1224,3,1
190,763,622,85,36,429,104,84,105,820,889,644,949,429,88,2,0
191,940,674,887,45,427,104,865,11,646,857,315,812,430,824,146,1
192,763,141,42,41,425,104,49,121,367,68,117,712,431,50,466,0
193,301,680,149,39,417,104,135,151,752,827,304,805,432,281,3,0
194,763,262,783,39,410,104,757,2,381,386,644,949,433,701,241,1
195,926,381,1072,32,400,20,1044,226,657,140,457,544,434,1003,666,1
196,763,642,1182,10,391,104,1150,105,830,1063,644,949,435,1110,667,1
197,763,470,547,44,388,104,532,27,917,580,644,949,436,540,532,0
198,899,608,632,41,386,104,607,180,565,47,644,949,437,582,633,0
199,763,742,1136,12,381,104,1104,105,97,1047,236,769,440,53,666,1
200,763,183,1242,39,380,104,1211,19,108,446,59,674,441,1153,255,1
201,763,332,1174,26,376,104,1143,234,901,208,606,938,442,1080,409,1
202,763,186,616,28,372,99,595,228,151,756,54,671,443,556,223,0
203,131,118,1211,43,370,104,1179,126,486,932,103,702,444,1121,666,1
204,689,385,263,5,368,104,261,145,854,982,644,949,445,242,184,0
205,745,381,580,8,364,104,562,226,823,1020,455,542,446,526,481,0
206,436,223,148,32,354,54,164,105,289,231,19,646,447,112,300,0
207,763,9,1033,13,352,104,1010,223,965,789,644,949,448,1002,11,1
208,763,604,855,2,350,104,827,70,575,720,644,949,449,800,660,1
209,763,357,1019,4,349,104,988,191,369,494,572,921,451,920,354,1
210,574,381,348,34,344,104,348,266,945,984,551,983,452,309,666,0
211,706,392,344,44,333,104,344,105,58,526,522,904,453,349,3,0
212,763,381,465,43,330,104,450,129,510,514,367,504,454,480,666,0
213,763,515,1114,33,320,104,1083,126,502,141,406,856,455,1042,630,1
214,682,455,670,33,319,104,1319,22,930,1034,440,872,456,614,684,1
215,1012,404,863,34,316,104,834,84,530,1078,486,888,457,793,405,1
216,790,823,1266,24,308,104,1232,106,493,965,644,949,458,1185,2,1
217,763,195,473,40,307,104,456,185,274,53,644,949,459,435,350,0
218,763,381,440,43,304,104,430,219,47,1019,215,442,460,407,666,0
219,763,381,1298,25,300,84,1258,266,820,439,380,509,462,1212,666,1
220,635,93,572,20,297,104,555,122,844,578,74,680,463,521,95,0
221,763,309,730,20,296,104,702,55,188,742,562,584,464,664,416,1
222,763,381,919,36,292,104,893,266,636,573,563,278,465,859,666,1
223,763,381,216,6,291,104,210,92,763,762,666,302,466,204,666,0
224,885,241,1261,30,290,32,1228,251,317,918,622,610,467,1189,249,1
225,763,25,791,8,288,20,765,155,59,729,114,711,468,744,29,1
226,128,267,1217,18,286,104,1185,1,641,667,644,949,469,1131,245,1
227,737,469,1081,4,281,104,1052,61,955,596,410,859,470,1001,666,1
228,763,444,977,12,280,104,952,12,106,435,644,949,471,914,450,1
229,726,381,987,41,279,104,959,105,153,69,280,474,473,949,666,1
230,763,381,365,6,275,104,362,143,335,458,219,156,474,1223,666,0
231,763,414,1092,9,274,104,1062,67,566,901,644,949,475,1022,420,1
232,650,473,922,31,272,104,897,193,863,554,644,949,476,851,490,1
233,763,381,608,36,268,104,590,105,290,743,403,518,477,569,581,0
234,276,476,34,40,266,104,9,77,742,728,384,848,478,44,727,0
235,691,381,1076,24,265,20,1048,105,770,425,206,435,479,1013,666,1
236,763,457,819,6,258,104,793,266,896,746,644,949,480,760,465,1
237,394,753,999,32,254,104,970,0,415,381,145,725,481,1256,3,1
238,763,722,481,12,253,104,463,81,386,424,644,949,482,438,202,0
239,44,381,1145,39,250,104,1116,184,168,64,116,387,484,1072,666,1
240,763,220,161,6,249,104,137,254,359,555,602,935,485,171,208,0
241,763,306,792,36,246,104,766,105,485,757,526,570,486,739,500,1
242,355,681,464,27,245,88,449,105,455,161,644,949,487,327,700,0
243,1000,319,334,24,232,104,336,202,277,871,502,894,488,358,312,0
244,593,171,845,12,231,104,816,266,40,654,620,943,489,789,161,1
245,763,411,1234,6,230,104,1204,105,399,813,428,864,490,1168,414,1
246,763,40,1123,30,225,104,1091,266,145,1029,61,675,491,1007,92,1
247,763,761,27,37,218,104,35,105,220,280,115,710,492,334,112,0
248,278,658,876,41,217,104,853,125,382,7,195,748,493,877,187,1
249,518,381,378,45,211,104,374,266,324,21,209,437,495,354,666,0
250,696,162,1228,18,210,104,1198,105,190,546,601,934,496,1267,153,1
251,470,132,510,1,208,104,493,189,653,488,638,614,497,461,133,0
252,888,474,892,28,204,104,869,155,879,149,644,949,498,872,615,1
253,367,194,1160,34,199,76,1130,166,897,422,568,589,499,1060,298,1
254,763,721,1130,24,196,104,1098,105,192,579,644,949,500,1050,745,1
255,756,255,660,34,194,104,637,151,919,900,521,567,501,587,235,0
256,357,381,1172,34,193,104,1141,34,913,310,651,309,502,1086,666,1
257,763,184,389,26,190,104,382,204,726,617,644,949,503,307,175,0
258,45,86,437,4,189,104,428,266,842,588,1,633,504,408,88,0
259,399,129,799,33,188,104,773,242,279,164,621,609,506,737,255,1
260,763,680,882,28,186,104,859,179,108,874,150,727,507,889,4,1
261,763,322,601,7,184,104,584,105,190,439,474,548,508,1073,315,1
262,90,565,755,36,182,104,730,152,811,888,237,770,509,743,31,1
263,763,381,18,35,178,3,1291,105,64,803,196,430,510,30,666,0
264,763,811,126,10,177,104,1293,264,747,877,53,669,511,129,829,0
265,263,413,597,18,168,104,570,266,786,670,376,845,512,550,418,0
266,385,667,830,20,166,104,802,66,483,419,154,729,513,783,686,1
267,588,323,735,27,164,104,707,125,338,816,644,949,514,676,382,1
268,858,79,535,12,159,104,523,266,517,725,644,949,515,492,82,0
269,371,30,832,34,155,104,804,48,25,505,644,949,517,761,34,1
270,159,380,206,39,147,46,205,86,54,439,408,857,518,109,381,0
271,991,432,1144,18,141,104,1115,266,583,439,328,820,519,1264,439,1
272,763,405,175,37,135,104,177,165,655,9,358,838,520,151,645,0
273,672,174,125,17,125,104,144,105,11,25,537,908,521,189,163,0
274,471,381,1291,41,124,104,1261,105,523,1032,349,497,522,1242,666,1
275,763,258,809,29,121,104,782,1,437,710,478,886,523,749,434,1
276,734,687,257,22,120,104,255,105,464,176,644,949,524,1076,709,0
277,688,482,343,34,116,104,343,266,810,439,644,949,525,802,232,0
278,185,172,880,22,104,104,857,50,210,388,515,899,526,820,162,1
279,534,582,937,36,99,104,909,105,288,640,179,744,528,886,3,1
280,219,406,741,41,97,104,716,152,405,366,331,815,529,72,3,0
281,407,256,836,1,90,104,808,46,513,98,644,949,530,781,236,1
282,269,441,456,41,83,68,94,44,371,439,274,789,531,148,514,0
283,549,355,846,38,82,104,821,266,129,205,368,842,532,794,805,1
284,472,381,368,2,75,104,366,105,820,907,295,957,533,328,666,0
285,67,62,944,27,71,20,847,166,776,268,589,928,534,897,67,1
286,763,381,120,8,64,104,130,254,834,641,448,208,535,126,666,0
287,377,417,341,44,62,104,341,266,426,866,281,794,536,563,566,0
288,548,477,242,1,50,104,244,155,498,15,229,761,537,280,474,0
289,763,356,844,33,49,104,815,212,487,971,342,828,539,788,3,1
290,702,371,1008,37,45,104,979,105,202,673,325,819,540,956,255,1
291,348,333,316,5,43,104,312,72,521,785,361,839,541,288,326,0
292,763,453,1107,17,39,104,1077,266,797,439,644,949,542,964,463,1
293,226,543,638,20,35,104,616,112,311,380,170,739,543,591,549,0
294,62,812,317,31,34,104,225,266,918,923,624,944,544,291,145,0
295,576,381,906,4,32,104,882,71,319,504,223,444,545,843,477,1
296,763,278,694,5,29,104,665,105,265,412,644,949,546,637,261,1
297,222,387,1105,8,25,104,1075,266,749,548,302,803,547,1261,390,1
298,462,717,966,30,22,104,936,112,277,57,12,640,548,900,332,1
299,698,381,840,6,21,104,810,153,447,1072,396,180,551,775,666,1
300,832,381,32,39,17,104,40,136,379,125,591,283,552,42,666,0
301,853,664,461,27,15,104,447,11,800,1069,644,949,553,405,689,0
302,413,384,857,30,14,104,828,31,148,194,299,800,554,803,25,1
303,603,381,69,3,9,104,72,266,820,439,593,265,555,17,666,0
304,435,467,252,40,870,104,252,184,451,226,207,755,556,214,747,0
305,218,381,399,2,867,104,402,266,820,903,594,78,557,364,666,0
306,763,798,169,7,866,104,1298,266,530,585,600,933,558,135,816,0
307,877,538,1045,18,860,104,1022,257,753,566,144,724,559,973,540,1
308,302,327,146,11,856,104,162,225,889,531,321,816,560,111,319,0
309,327,152,841,34,855,104,788,64,820,14,456,877,562,782,145,1
310,703,381,514,6,850,104,497,247,280,626,83,373,563,458,666,0
311,838,663,339,45,844,104,339,145,60,22,29,653,564,305,102,0
312,542,537,184,40,839,104,185,105,105,230,133,718,565,110,74,0
313,763,239,655,19,835,34,632,244,159,642,644,949,566,603,221,0
314,763,485,1002,2,834,104,973,266,796,498,165,735,567,935,485,1
315,604,381,803,23,833,104,775,200,18,590,126,384,568,745,569,1
316,55,765,80,3,830,104,79,134,887,739,603,936,569,86,781,0
317,606,288,1090,23,829,104,1060,232,929,1048,335,823,570,1260,277,1
318,687,747,289,38,820,32,223,59,606,912,604,602,571,262,255,0
319,166,21,134,4,813,104,152,105,330,408,644,949,573,1208,26,0
320,834,250,1241,38,812,104,1191,128,365,266,359,500,574,1154,376,1
321,125,586,372,47,809,104,369,266,441,734,644,949,575,330,661,0
322,217,381,347,36,806,104,347,78,531,584,550,76,576,316,666,0
323,763,381,686,39,805,104,657,259,761,919,206,434,577,630,546,1
324,712,111,895,3,794,104,872,40,494,1010,446,536,578,888,114,1
325,58,526,929,22,792,104,895,224,563,793,97,697,579,866,698,1
326,928,696,182,34,789,104,184,140,9,589,612,940,580,221,807,0
327,358,506,975,14,786,104,945,131,191,707,125,704,581,912,273,1
328,408,206,325,29,784,104,319,266,485,314,364,503,582,117,197,0
329,811,381,797,2,782,104,771,254,310,242,398,971,584,730,666,1
330,247,381,808,2,781,104,781,194,50,974,448,207,585,1240,666,1
331,763,381,1251,41,773,104,1218,74,534,964,647,308,586,1162,666,1
332,788,684,54,28,772,104,12,129,295,427,644,949,587,62,756,0
333,570,752,918,20,770,31,892,10,951,835,644,949,588,855,254,1
334,763,381,395,17,766,20,387,86,668,812,536,259,589,382,666,0
335,763,381,65,9,765,104,68,195,607,688,563,277,590,16,666,0
336,763,191,762,14,764,104,737,105,219,606,346,832,591,703,183,1
337,203,428,1137,10,756,104,1105,266,921,651,644,949,592,1011,435,1
338,950,490,704,41,755,104,671,266,769,2,89,691,593,642,492,1
339,418,494,167,12,751,104,172,264,835,652,644,949,595,1047,503,0
340,763,381,261,14,750,104,259,254,949,765,484,237,596,264,666,0
341,763,228,392,23,748,104,385,168,773,524,644,949,597,362,543,0
342,627,98,1046,1,747,104,1023,266,77,421,423,530,598,1051,101,1
343,763,521,480,7,745,104,462,166,185,609,644,949,599,436,527,0
344,382,738,1183,38,741,65,1151,71,93,439,535,574,600,1113,813,1
345,566,435,71,45,738,104,74,11,491,865,644,949,601,76,696,0
346,740,197,1135,16,736,104,1103,181,446,639,314,811,602,1053,190,1
347,173,136,249,20,735,39,249,216,634,898,369,843,603,237,173,0
348,163,554,1124,6,734,104,1092,105,514,940,26,650,604,1045,557,1
349,386,737,336,45,729,104,322,266,201,105,517,901,606,352,760,0
350,533,381,829,3,728,104,800,98,820,439,450,974,607,787,666,1
351,294,462,1323,28,723,104,1289,266,358,307,644,949,608,1294,577,1
352,827,611,1289,4,716,104,1252,153,175,552,614,941,609,1213,631,1
353,259,381,406,4,714,20,391,155,878,709,294,43,610,375,666,0
354,614,59,700,38,713,85,678,92,94,109,421,526,611,847,441,1
355,325,493,565,1,711,89,548,105,17,278,50,667,612,512,502,0
356,763,570,946,15,710,104,917,220,891,515,658,626,613,829,580,1
357,116,822,470,10,709,57,453,169,502,973,444,873,614,415,839,0
358,426,381,1164,23,707,20,1134,50,903,477,657,323,615,505,666,1
359,763,196,297,13,706,104,293,58,662,372,287,797,617,269,189,0
360,763,690,155,5,704,104,167,43,785,848,519,902,618,192,713,0
361,911,381,958,23,698,20,929,266,348,324,99,380,619,893,426,1
362,1004,678,264,40,695,104,262,93,8,111,520,903,620,861,844,0
363,463,624,113,39,692,8,124,105,515,615,565,918,621,124,685,0
364,114,425,1195,7,690,104,1161,266,41,679,106,689,622,1103,431,1
365,438,304,939,1,689,104,911,105,278,875,202,752,623,1248,295,1
366,525,479,99,4,687,104,111,190,410,547,31,654,624,113,479,0
367,727,381,1050,44,682,104,1026,42,27,603,273,171,625,1028,666,1
368,488,556,878,9,673,104,855,154,672,600,628,946,626,849,562,1
369,763,52,380,4,671,104,376,214,844,963,374,506,628,344,58,0
370,320,647,204,16,667,104,203,105,183,457,532,906,629,169,671,0
371,997,562,680,19,664,104,651,59,374,103,615,942,630,638,572,1
372,1009,677,509,48,662,104,492,159,469,244,503,561,631,460,229,0
373,763,227,561,46,661,56,545,266,820,437,644,949,632,503,10,0
374,868,313,1023,32,656,94,992,77,827,633,167,736,633,953,306,1
375,762,381,3,16,655,104,3,82,751,761,632,287,634,4,595,0
376,324,361,422,36,653,104,416,105,243,439,124,714,635,395,366,0
377,101,381,614,8,649,104,573,152,310,407,190,23,636,565,666,0
378,326,699,248,23,646,43,248,163,590,291,477,554,637,253,746,0
379,353,160,564,16,644,104,547,266,813,767,257,784,639,498,152,0
380,775,440,1256,20,639,104,1322,155,817,672,44,663,640,1171,447,1
381,406,548,641,44,637,104,619,16,439,731,607,603,641,592,206,0
382,183,307,1154,1,634,68,1125,152,943,773,156,730,642,1093,297,1
383,631,566,910,42,633,104,886,134,87,439,578,923,643,845,575,1
384,763,72,24,43,632,104,32,266,533,88,317,813,644,71,254,0
385,561,429,825,9,631,104,798,105,177,88,42,662,645,778,437,1
386,25,133,948,37,626,104,919,55,499,1058,267,786,646,883,3,1
387,831,500,181,8,616,104,183,87,67,708,640,948,647,141,506,0
388,963,238,203,15,612,104,202,120,214,864,199,751,648,167,220,0
389,973,381,190,4,610,104,191,105,567,439,523,250,650,147,628,0
390,763,138,135,41,606,104,153,266,261,439,244,774,651,186,284,0
391,196,367,807,40,605,104,779,266,820,168,644,949,652,748,395,1
392,785,804,900,43,601,104,877,105,690,48,363,840,653,837,65,1
393,681,236,1308,22,599,104,1271,130,758,443,644,949,654,1281,218,1
394,948,458,433,47,598,104,424,262,154,439,660,627,655,338,3,0
395,140,116,474,12,595,104,455,113,63,979,254,782,656,387,119,0
396,512,439,383,42,593,104,378,11,203,269,5,636,657,346,666,0
397,391,84,1214,9,592,35,1182,105,310,287,275,790,658,1128,174,1
398,913,122,327,23,586,104,330,266,170,557,235,768,659,298,124,0
399,697,715,231,5,579,104,233,105,463,881,412,521,662,217,806,0
400,541,100,1314,43,578,104,1280,266,695,1013,250,458,663,1287,666,1
401,440,437,549,8,576,104,533,154,418,1006,644,949,664,509,445,0
402,486,105,295,26,574,9,291,105,164,659,242,773,665,271,106,0
403,763,589,736,41,569,80,677,105,436,439,644,949,666,678,461,1
404,777,315,619,20,565,34,598,149,911,396,644,949,667,567,308,0
405,837,294,669,1,563,104,641,155,630,786,112,705,668,613,283,0
406,274,127,1236,18,556,104,1206,237,29,798,644,949,669,1169,129,1
407,169,381,1053,45,555,86,999,88,516,197,531,256,670,1259,553,1
408,961,8,75,27,553,104,75,266,540,976,300,478,671,81,57,0
409,184,2,936,35,552,12,908,123,355,1051,644,949,673,826,97,1
410,616,546,847,36,550,104,822,105,765,627,525,569,674,791,580,1
411,677,648,657,38,547,82,634,101,891,439,644,949,675,600,673,0
412,334,451,1026,38,546,104,995,64,969,519,610,604,676,955,3,1
413,901,11,985,41,542,104,947,120,21,221,288,798,677,925,243,1
414,596,666,83,44,536,104,82,118,251,265,423,529,678,765,302,0
415,155,179,396,4,535,34,1301,105,482,629,163,734,679,384,272,1
416,893,372,600,40,532,104,583,210,689,439,46,345,680,552,666,0
417,781,251,405,43,529,104,1304,242,865,623,111,709,681,372,284,1
418,586,466,598,40,519,104,581,266,35,45,567,919,682,548,590,0
419,146,358,968,1,518,104,938,190,912,930,46,343,684,906,360,1
420,633,800,945,26,516,104,916,69,373,224,282,475,685,884,666,1
421,80,776,649,44,512,68,627,105,417,929,644,949,686,597,182,0
422,661,284,618,3,510,104,597,105,55,3,78,683,687,566,267,0
423,92,391,752,15,507,72,727,108,648,817,644,949,688,747,396,1
424,459,58,1175,23,505,104,1144,137,180,733,644,949,689,1082,580,1
425,757,310,615,40,504,104,594,11,608,270,48,665,690,546,428,0
426,296,821,311,35,503,104,304,54,240,942,261,785,691,842,838,0
427,544,381,778,2,501,104,753,156,587,83,190,30,692,713,666,1
428,449,211,764,41,491,104,739,11,229,316,119,389,693,516,666,1
429,293,378,381,7,483,97,377,176,892,694,654,315,695,345,606,0
430,903,631,302,4,482,104,297,105,820,439,415,858,696,279,653,0
431,423,536,1103,5,478,104,1073,105,184,483,483,556,697,1031,705,1
432,528,645,1192,35,476,104,1159,11,155,350,391,852,698,1070,791,1
433,840,44,1258,13,474,104,1323,114,65,517,220,762,699,1175,46,1
434,962,203,1077,37,464,104,1049,150,682,142,98,699,700,966,194,1
435,72,381,873,11,461,104,850,186,291,406,636,992,701,817,666,1
436,100,709,742,6,448,104,717,266,771,434,306,806,702,1238,730,1
437,763,621,692,37,445,104,663,172,42,565,644,949,703,633,1,1
438,154,724,1250,36,443,104,1193,105,645,485,644,949,704,1159,171,1
439,65,792,1096,7,438,104,1066,47,439,923,252,771,706,1024,808,1
440,639,311,385,23,415,104,379,150,844,468,644,949,707,320,209,0
441,791,46,1303,21,414,59,1269,157,297,384,184,425,708,1277,201,1
442,651,381,218,36,411,20,212,105,74,159,449,58,709,205,666,0
443,607,381,1292,40,408,104,1254,105,911,689,353,192,710,1227,666,1
444,927,381,310,5,403,104,308,188,352,502,489,238,711,1214,473,0
445,497,381,622,6,401,104,601,266,959,853,293,145,712,571,666,0
446,271,625,508,39,397,81,466,105,318,862,336,491,713,459,753,0
447,273,246,953,48,393,104,924,120,343,299,24,651,714,825,449,1
448,904,731,199,37,387,104,199,266,820,990,246,776,715,38,3,0
449,209,381,78,10,384,104,77,119,52,419,241,163,717,25,666,0
450,520,90,40,25,383,104,47,143,864,647,644,949,718,47,122,0
451,957,142,292,9,379,104,288,135,914,464,644,949,719,268,136,0
452,24,735,1280,8,378,104,1245,118,881,228,252,772,720,666,757,1
453,268,646,1071,47,374,104,1043,11,476,276,319,810,721,1003,744,1
454,954,404,154,16,373,104,166,250,519,1078,529,571,722,213,405,0
455,945,575,1102,32,363,104,1072,156,448,21,385,849,723,1029,604,1
456,170,112,73,42,362,79,15,100,165,616,104,703,724,78,610,0
457,383,549,626,16,355,104,604,47,504,1078,644,949,725,581,552,0
458,152,130,862,35,353,41,833,105,255,233,85,374,726,807,348,1
459,844,376,423,44,348,49,417,105,285,439,555,916,728,396,377,0
460,446,814,444,27,346,104,432,151,839,52,178,743,729,414,52,0
461,1001,71,1281,1,345,104,1246,105,146,34,129,393,730,1186,76,1
462,510,381,733,19,341,104,705,105,740,402,266,168,731,96,666,0
463,491,748,908,47,335,20,884,127,164,41,218,438,732,844,666,1
464,907,169,1320,19,325,34,1287,105,198,460,25,652,733,1293,159,1
465,202,636,488,5,317,104,474,266,568,336,285,788,734,447,662,0
466,94,381,1313,26,314,104,1279,154,550,593,160,133,735,1286,666,1
467,432,266,255,38,309,34,220,105,55,238,618,606,736,240,244,0
468,57,298,48,1,305,104,54,266,820,439,630,929,737,55,289,0
469,898,108,374,3,303,104,326,154,549,660,86,370,739,773,110,0
470,537,630,237,43,295,104,237,33,923,551,272,467,740,286,758,0
471,190,273,707,28,289,104,684,266,657,975,597,931,741,655,405,1
472,87,460,760,1,283,68,735,105,249,94,418,524,742,702,470,1
473,994,381,1295,17,282,104,1255,27,595,917,669,945,743,1245,666,1
474,164,577,1248,30,273,104,1216,158,169,401,395,477,744,1157,672,1
475,144,252,220,10,264,104,214,266,698,787,586,927,745,209,230,0
476,300,336,1122,29,262,96,1090,105,1,61,506,896,746,1044,64,1
477,846,530,1180,42,260,104,1148,266,425,247,322,817,747,1094,698,1
478,244,668,658,44,259,20,635,105,51,423,213,439,748,559,40,0
479,879,381,715,41,244,20,675,105,64,473,294,47,750,656,666,1
480,532,324,671,22,241,104,642,153,310,934,507,562,751,619,357,0
481,174,381,143,39,233,20,160,105,213,377,219,154,752,188,666,0
482,699,166,492,1,229,22,477,266,572,225,623,298,753,476,158,0
483,18,75,943,44,227,104,915,168,497,106,644,949,754,879,105,1
484,216,80,403,28,223,103,1306,90,206,815,21,648,755,370,843,1
485,796,277,1213,26,209,104,1181,147,828,37,514,248,756,1133,666,1
486,392,381,449,22,206,20,435,1,457,209,551,986,757,419,666,0
487,115,803,1267,26,203,104,1233,171,84,1073,67,677,758,1188,823,1
488,113,225,513,44,202,104,496,132,655,549,553,581,759,488,460,0
489,350,95,719,35,198,2,692,168,856,768,662,629,761,659,123,1
490,330,253,604,15,191,104,586,266,411,438,527,255,762,1229,666,1
491,246,219,806,46,185,3,778,105,635,439,593,268,763,746,325,1
492,59,43,1060,33,183,104,1033,105,841,274,27,347,764,988,44,1
493,356,756,283,29,181,74,281,266,820,308,92,375,765,915,777,0
494,713,381,716,32,174,20,689,266,100,1005,294,41,766,657,666,1
495,716,373,787,35,171,104,762,266,820,960,429,865,767,1237,822,1
496,767,752,528,35,167,104,510,106,453,187,644,949,768,487,98,0
497,617,259,346,32,160,1,346,77,670,439,493,891,769,339,238,0
498,763,653,896,19,158,104,873,215,310,439,171,412,770,1247,676,1
499,964,207,647,11,157,104,625,167,748,870,542,911,773,595,198,0
500,839,209,796,35,154,104,770,168,779,1002,538,576,774,693,491,1
501,352,212,147,19,152,104,163,105,310,439,536,261,775,185,204,0
502,670,379,1013,40,151,104,983,15,259,263,411,860,776,940,145,1
503,66,204,1316,1,139,104,1283,151,546,459,531,258,777,1289,195,1
504,845,555,717,34,137,104,690,7,805,1066,644,949,778,665,560,1
505,594,381,2,11,134,104,2,151,824,215,499,975,779,2,666,0
506,922,782,551,38,130,104,535,11,376,333,644,949,780,1202,45,1
507,690,773,1065,32,123,104,1037,266,546,75,55,361,781,992,571,1
508,176,27,684,33,122,34,655,41,556,726,4,635,782,628,68,1
509,148,468,743,46,118,104,718,105,237,124,278,792,784,682,488,1
510,889,381,1201,3,113,20,1166,155,878,997,397,53,785,1117,666,1
511,390,805,230,4,112,104,232,151,26,794,11,336,786,230,825,0
512,850,522,21,22,111,94,29,238,273,311,227,449,787,32,528,0
513,421,342,59,19,108,104,62,48,199,32,407,519,788,64,339,0
514,241,18,1012,28,106,104,982,170,858,925,661,628,789,942,23,1
515,237,4,774,29,105,104,749,232,48,1049,2,634,790,734,2,1
516,760,381,370,29,101,104,368,155,906,840,594,82,791,313,666,0
517,818,381,1310,4,98,104,1276,266,246,358,398,969,792,1283,666,1
518,396,268,993,30,94,94,965,155,794,208,445,874,793,943,772,1
519,1010,381,653,48,92,102,630,266,744,839,365,196,795,609,384,0
520,35,498,827,33,91,104,787,11,429,203,225,447,796,756,492,1
521,892,242,651,27,89,53,628,166,643,696,459,545,797,599,227,0
522,443,57,583,35,88,104,565,24,313,482,605,937,798,533,63,0
523,909,567,94,10,87,104,108,172,576,618,173,740,799,178,576,0
524,239,390,956,45,84,31,927,155,849,535,329,821,800,892,480,1
525,763,320,1207,6,77,104,1176,220,174,884,405,855,801,1123,313,1
526,667,221,366,6,74,104,363,154,702,1030,462,546,802,347,346,0
527,669,550,1212,7,73,104,1180,105,535,582,181,421,803,1120,554,1
528,612,635,1083,24,72,104,1054,155,820,861,644,949,804,1236,824,1
529,830,806,39,45,68,104,10,266,720,439,646,620,806,46,826,0
530,543,362,421,17,67,104,415,155,397,849,352,493,807,393,367,0
531,870,302,207,6,63,104,206,266,820,439,413,522,808,166,290,0
532,550,381,578,7,60,104,560,105,142,604,294,50,809,527,666,0
533,38,641,749,33,58,104,724,152,795,837,93,694,810,686,665,1
534,992,613,160,32,56,104,170,155,456,665,110,708,811,168,50,0
535,215,381,235,5,54,104,238,105,238,1071,551,984,812,218,666,0
536,82,570,828,17,53,104,801,110,820,439,155,410,813,764,3,1
537,476,540,516,13,52,104,499,153,801,310,180,745,814,1226,544,1
538,560,438,994,23,48,104,966,144,543,275,258,461,815,944,446,1
539,511,507,5,2,40,104,5,166,553,658,644,949,817,6,512,0
540,424,214,11,46,33,104,20,11,331,806,644,949,818,18,385,0
541,626,269,234,10,31,104,236,266,638,826,417,861,819,266,257,0
542,701,529,1206,3,28,104,1175,152,171,171,174,417,820,1142,535,1
543,526,454,304,21,26,87,300,122,639,677,226,765,821,228,698,0
544,739,381,545,7,24,104,519,128,83,416,552,981,822,506,666,0
545,431,671,974,43,23,104,944,11,860,216,62,676,823,911,16,1
546,935,381,875,3,10,104,852,105,626,766,398,967,824,857,666,1
547,323,16,524,5,8,104,506,267,820,439,632,286,825,446,21,0
548,191,381,646,20,4,104,624,173,820,439,295,965,826,586,666,0
549,83,381,525,9,3,104,507,266,640,685,594,77,828,454,666,0
550,959,229,1210,33,872,29,1178,257,650,772,424,531,829,1127,213,1
551,264,381,728,9,869,104,698,106,871,814,499,978,830,649,666,1
552,871,97,1179,39,865,104,303,11,428,417,510,563,831,1081,100,1
553,974,159,858,7,861,104,829,155,820,952,455,543,832,805,151,1
554,81,784,425,42,857,104,394,266,598,977,613,294,833,399,3,0
555,261,381,445,44,853,104,398,11,430,439,498,64,834,416,666,0
556,763,801,837,6,851,104,809,243,61,136,581,924,835,1140,321,1
557,88,178,773,27,843,104,748,16,320,814,435,869,836,720,167,1
558,754,535,1101,36,842,31,1071,155,508,931,136,720,837,1038,254,1
559,641,452,117,1,838,104,128,147,503,699,644,949,839,179,462,0
560,654,633,757,2,836,104,733,79,851,1021,52,359,840,691,657,1
561,277,303,1293,41,828,34,1262,259,356,661,323,818,841,1232,292,1
562,599,644,899,1,826,104,876,154,691,315,32,351,842,895,669,1
563,980,279,738,15,825,104,714,266,57,748,343,494,843,680,262,1
564,240,434,212,13,824,104,102,266,613,1078,208,756,844,196,442,0
565,673,271,1315,24,823,104,1281,105,383,1004,345,831,845,1288,252,1
566,430,4,650,26,819,104,614,152,969,112,592,580,846,598,2,0
567,398,617,1141,1,818,104,1113,155,924,986,39,660,847,1056,640,1
568,22,345,691,7,811,104,662,266,694,598,271,472,848,636,341,1
569,564,692,784,14,808,104,758,35,667,462,650,623,850,724,715,1
570,69,381,758,4,804,104,734,152,266,220,498,70,851,750,666,1
571,794,557,1087,32,801,104,1057,266,777,1078,644,949,852,551,564,1
572,221,703,157,21,800,104,169,154,908,137,629,300,853,160,3,0
573,267,661,211,5,798,104,101,155,646,954,188,327,854,1059,682,0
574,77,751,194,12,793,104,195,266,820,439,575,590,855,156,774,0
575,939,224,332,6,790,104,334,164,962,795,355,498,856,356,211,0
576,887,135,462,40,785,104,442,266,820,439,426,528,857,374,145,0
577,860,3,246,47,780,104,246,11,144,1078,505,895,858,227,2,0
578,895,764,928,39,775,104,894,266,820,439,545,913,859,864,48,1
579,68,501,1270,40,761,104,1237,266,13,721,91,693,861,1190,507,1
580,208,579,122,8,759,104,1292,266,604,671,644,949,862,127,589,0
581,409,331,1073,2,749,104,1045,152,529,593,225,448,863,1004,322,1
582,774,732,82,40,743,104,81,129,718,962,548,263,864,83,3,0
583,236,519,822,24,733,104,795,155,286,128,51,668,865,762,525,1
584,629,364,313,39,727,1,309,105,310,725,185,746,866,229,695,0
585,175,654,599,21,726,2,582,152,3,196,632,285,867,557,677,0
586,729,107,593,25,720,2,577,105,233,182,386,512,868,561,109,0
587,989,533,293,35,718,2,289,141,664,819,30,348,869,274,538,0
588,143,532,874,11,717,24,851,266,820,944,30,349,870,818,537,1
589,211,436,107,37,702,58,118,105,674,82,90,692,872,1209,444,0
590,29,427,352,2,701,104,352,137,821,876,99,379,873,315,483,0
591,829,818,1257,38,697,104,1222,266,809,947,436,216,874,1172,111,1
592,914,560,121,45,696,104,131,11,493,716,648,621,875,101,3,0
593,803,424,668,27,694,104,1318,19,101,151,644,949,876,608,845,1
594,456,381,1074,8,693,104,1046,260,264,85,295,958,877,1005,666,1
595,498,446,679,6,684,104,650,266,306,993,66,368,878,1233,454,1
596,405,746,9,44,683,104,18,105,310,114,469,551,879,14,811,0
597,990,381,104,35,679,104,115,266,820,439,143,127,880,99,388,0
598,841,496,324,36,678,0,329,266,703,902,644,949,881,297,1,0
599,186,61,1216,25,677,104,1184,105,360,64,375,507,884,1125,310,1
600,245,119,41,43,675,104,46,266,820,528,644,949,885,49,266,0
601,474,665,526,41,672,104,508,105,480,949,527,254,886,777,492,0
602,238,662,1193,13,670,104,1160,157,862,899,518,566,887,1102,683,1
603,351,572,1197,29,669,104,1163,153,562,630,608,601,888,1112,495,1
604,825,553,232,3,658,104,234,105,143,439,625,612,889,226,556,0
605,812,545,142,7,648,104,149,105,919,895,622,611,890,106,731,0
606,275,381,279,38,645,20,276,152,745,703,190,22,891,257,666,0
607,493,80,459,41,641,104,445,266,678,576,324,484,892,422,327,0
608,1005,381,511,3,630,104,494,105,605,822,71,112,893,462,433,0
609,404,4,193,34,629,104,194,163,545,775,377,508,895,143,2,0
610,802,193,136,4,624,104,154,105,849,912,222,443,896,187,186,0
611,852,599,1232,17,620,104,1202,158,215,809,539,909,897,1160,617,1
612,379,54,418,15,617,104,412,105,884,935,326,486,898,391,280,0
613,763,445,296,43,614,42,292,105,310,363,13,641,899,270,809,0
614,800,394,628,7,611,104,1313,266,749,719,64,365,900,578,400,1
615,867,381,843,3,585,60,814,105,268,914,189,105,901,786,429,1
616,133,615,205,30,583,52,204,137,16,193,480,887,902,165,637,0
617,111,497,450,20,575,104,436,150,663,180,587,596,903,409,504,0
618,171,568,1170,7,573,104,1139,105,942,754,527,252,904,1078,578,1
619,971,383,364,1,572,104,364,105,697,676,43,355,906,322,389,0
620,900,1,114,32,567,104,125,266,825,1078,644,949,907,198,0,0
621,232,400,870,45,564,104,840,11,428,1038,9,335,908,880,49,1
622,819,151,458,38,562,67,444,266,583,1024,203,753,909,424,411,0
623,37,825,274,4,559,104,272,266,934,439,313,185,910,210,841,0
624,555,767,1325,15,551,104,1290,266,732,439,353,191,911,1298,783,1
625,86,381,904,5,539,104,880,137,212,340,550,75,912,841,570,1
626,19,754,849,29,531,104,823,155,230,354,337,489,913,813,775,1
627,813,381,6,18,526,104,6,1,727,317,595,990,914,9,666,0
628,636,585,523,32,522,104,505,11,914,126,482,233,915,478,706,0
629,299,274,1307,44,515,104,1270,266,935,223,81,686,917,1280,349,1
630,567,291,398,45,511,104,401,266,820,439,72,678,918,366,469,0
631,995,346,178,38,509,104,179,105,116,544,47,110,919,138,342,0
632,988,381,1245,5,508,20,1213,14,969,439,499,977,920,1173,666,1
633,450,381,690,2,500,104,661,105,710,855,191,952,921,705,666,1
634,177,574,850,3,492,104,824,211,478,829,466,226,922,10,584,0
635,516,769,280,17,490,104,278,266,820,439,290,799,923,248,784,0
636,906,114,76,18,484,44,76,234,737,890,177,418,924,82,117,0
637,557,175,927,14,475,104,902,139,524,174,122,391,925,865,164,1
638,820,381,335,33,472,104,337,143,653,163,498,68,926,303,598,0
639,731,472,1044,40,469,104,1021,105,754,542,527,253,928,972,545,1
640,102,523,43,9,441,104,48,266,363,262,475,228,929,51,529,0
641,63,504,913,15,428,104,888,153,347,133,472,884,930,1249,510,1
642,182,66,408,27,426,104,404,77,71,346,176,742,931,377,72,0
643,105,381,229,33,422,4,231,266,236,991,633,85,932,247,565,0
644,929,168,633,28,421,104,1314,124,820,962,88,690,933,577,275,1
645,1008,260,951,18,416,104,922,143,859,100,644,949,934,873,239,1
646,865,156,177,2,413,104,180,266,820,439,95,377,935,140,149,0
647,1011,381,1150,5,407,104,1109,155,820,988,294,36,936,1064,666,1
648,1002,632,1021,34,396,93,990,155,820,868,334,490,937,954,656,1
649,789,82,541,7,392,104,529,155,820,832,149,406,939,494,85,0
650,265,616,152,1,385,104,165,105,158,169,644,949,940,191,638,0
651,50,727,129,14,382,104,146,266,961,439,248,778,941,1210,708,0
652,1013,691,1185,6,361,104,1153,153,873,376,644,949,942,1095,714,1
653,118,263,687,12,360,104,658,153,272,300,189,102,943,632,666,1
654,921,514,881,25,347,104,858,266,644,704,433,532,944,821,522,1
655,93,85,785,23,331,104,759,266,110,1045,105,383,945,725,87,1
656,308,797,775,15,329,104,750,148,617,1025,174,416,946,721,819,1
657,151,47,1246,26,328,104,1214,266,271,773,132,395,947,1270,51,1
658,680,226,1284,25,327,104,1249,105,878,636,0,632,948,1203,212,1
659,923,296,476,13,326,104,458,162,936,614,609,293,950,432,287,0
660,149,443,612,25,324,104,592,130,704,690,461,879,951,560,448,0
661,290,292,1088,20,322,104,1058,152,715,838,609,291,952,1019,281,1
662,126,381,701,14,312,104,679,105,227,178,294,45,953,643,666,1
663,194,234,337,16,311,104,338,266,176,439,654,313,954,308,369,0
664,429,33,795,46,310,104,769,153,250,325,644,949,955,729,586,1
665,132,232,634,42,301,104,1315,57,178,439,651,310,956,584,217,1
666,306,670,251,31,299,104,251,147,931,1009,238,455,957,7,691,0
667,996,192,1252,46,294,37,1219,246,516,687,664,326,958,1164,185,1
668,931,165,1191,7,285,104,1158,105,305,255,189,104,959,1099,157,1
669,70,535,127,32,284,13,133,266,820,880,352,492,961,255,539,0
670,187,381,427,35,277,104,419,266,308,156,296,956,962,400,666,0
671,748,816,675,19,269,100,646,266,401,1078,118,388,963,617,833,0
672,289,774,164,16,267,104,1297,266,870,707,644,949,964,134,788,0
673,172,638,243,1,263,104,245,105,253,439,233,454,965,221,663,0
674,946,601,133,30,251,104,151,266,820,439,265,459,966,193,654,0
675,23,381,1097,11,247,104,1067,168,195,288,193,950,967,1025,666,1
676,451,330,532,32,243,104,512,80,820,342,494,892,968,486,772,0
677,473,381,683,31,242,54,654,161,820,715,498,67,969,625,398,0
678,955,700,988,2,240,104,960,266,940,503,186,141,970,927,722,1
679,288,743,1041,1,239,104,1018,266,820,1067,141,400,972,1027,765,1
680,766,683,1218,8,236,104,1186,153,764,414,183,423,973,1135,703,1
681,869,312,997,17,220,104,969,155,659,13,495,242,974,1255,305,1
682,270,815,711,29,214,78,686,266,310,362,75,371,975,1234,832,1
683,255,87,14,8,212,104,23,266,181,158,7,637,976,21,89,0
684,735,167,932,22,207,104,846,92,484,413,632,286,977,874,666,1
685,773,398,851,28,205,74,818,152,969,298,416,211,978,796,443,1
686,354,795,519,1,200,104,501,155,968,619,77,682,979,472,812,0
687,947,410,1039,25,180,104,1016,179,675,811,448,206,980,967,413,1
688,393,381,1317,19,176,104,1282,155,620,439,294,43,981,1290,648,1
689,778,679,1048,41,173,104,1024,152,310,328,146,403,983,979,2,1
690,998,603,507,10,162,104,491,155,793,447,204,432,984,457,621,0
691,256,610,527,28,153,2,468,266,885,27,181,419,985,482,3,0
692,205,651,388,37,150,104,328,266,49,399,172,136,986,355,769,0
693,272,88,567,21,149,104,550,105,895,559,645,619,987,523,90,0
694,49,471,824,28,148,104,797,155,820,439,396,180,988,774,487,1
695,75,77,197,4,146,104,198,153,790,472,654,316,989,158,80,0
696,395,154,750,22,144,104,725,25,242,945,561,586,990,687,148,1
697,985,161,97,20,140,104,109,105,820,439,557,583,991,1211,359,0
698,210,170,223,14,138,104,217,155,395,608,594,81,992,1220,160,0
699,783,794,401,45,129,34,1305,11,808,172,37,353,995,367,284,1
700,999,781,153,7,126,104,1295,233,853,712,644,949,996,131,796,0
701,513,176,277,35,102,104,275,153,362,55,514,249,997,1221,165,0
702,598,381,308,16,100,104,306,152,94,173,294,49,998,241,501,0
703,884,650,805,18,86,104,777,155,806,833,108,707,999,738,674,1
704,39,783,284,43,85,16,282,6,62,669,9,333,1000,234,145,0
705,804,718,44,28,81,104,50,155,693,908,71,114,1001,52,742,0
706,744,381,990,16,80,104,962,153,23,245,450,973,1002,928,666,1
707,30,505,225,2,79,1,227,266,599,170,214,441,1003,212,511,0
708,910,758,61,1,65,104,64,151,384,6,8,332,1004,67,779,0
709,490,693,725,4,59,63,700,145,196,680,53,670,1006,647,716,1
710,814,772,150,20,51,104,1294,186,535,586,644,949,1007,130,787,0
711,79,524,46,9,47,104,52,105,552,130,292,428,1008,22,530,0
712,442,527,1279,31,44,20,1244,266,128,63,293,146,1009,1197,531,1
713,859,734,36,19,41,16,42,154,56,323,17,341,1010,73,755,0
714,936,91,1285,18,36,104,1250,152,927,747,593,270,1011,1215,93,1
715,679,634,1244,31,13,10,1212,105,684,692,87,120,1012,1176,659,1
716,568,448,1121,46,11,104,1089,138,893,246,223,445,1013,976,753,1
717,592,745,443,36,2,32,397,162,528,450,657,320,1014,412,47,0
718,134,517,1063,21,852,104,1035,152,700,622,151,728,1015,8,523,1
719,824,408,727,19,847,104,701,105,310,439,253,165,1017,672,412,1
720,799,147,603,10,840,104,585,153,820,968,496,538,1018,570,141,0
721,400,15,466,42,827,104,399,11,602,1039,593,269,1019,386,127,0
722,801,325,884,8,816,104,861,153,304,210,396,179,1020,258,317,1
723,587,614,630,22,797,104,610,105,820,439,45,644,1021,580,636,0
724,106,729,767,10,791,104,742,153,877,511,633,86,1022,741,750,1
725,291,416,98,11,779,104,110,105,909,983,182,422,1023,206,422,0
726,577,366,559,29,778,104,543,155,781,653,230,159,1024,514,370,0
727,822,600,200,9,774,104,200,153,721,790,14,337,1025,170,618,0
728,74,73,941,21,760,104,913,105,820,1026,447,222,1026,885,77,1
729,883,248,66,18,753,74,69,155,537,87,396,180,1028,84,379,0
730,916,569,355,24,739,104,325,218,368,1056,14,338,1029,326,666,0
731,937,353,70,13,731,104,73,153,336,315,212,150,1030,26,285,0
732,220,287,404,38,721,34,1303,105,310,4,253,164,1031,372,284,1
733,36,247,1109,11,715,104,1079,153,969,764,273,174,1032,1034,226,1
734,477,381,1237,21,688,104,1207,105,820,439,668,6,1033,1170,666,1
735,823,121,271,34,674,5,269,266,820,439,320,186,1034,282,407,0
736,207,594,448,23,666,104,434,266,722,953,584,282,1035,418,155,0
737,941,381,740,25,657,104,709,155,75,301,190,28,1036,700,498,1
738,519,422,722,36,640,104,695,266,310,439,63,364,1037,646,172,1
739,894,531,754,22,636,104,729,213,342,131,667,91,1039,735,666,1
740,779,465,695,35,619,94,666,156,581,646,6,330,1040,639,472,1
741,949,233,659,37,618,104,636,180,815,484,211,433,1041,611,311,0
742,792,76,318,39,566,104,313,155,117,702,273,174,1042,1219,364,0
743,193,70,823,41,534,104,796,11,256,101,253,166,1043,779,580,1
744,380,354,286,45,514,104,284,11,303,909,46,342,1044,276,404,0
745,204,449,914,41,468,104,889,155,680,896,594,79,1045,850,7,1
746,776,759,726,36,449,104,697,266,287,439,270,469,1046,673,768,1
747,795,418,51,16,424,104,56,152,121,755,594,79,1047,48,424,0
748,753,461,299,10,419,104,295,266,354,368,550,74,1048,273,666,0
749,979,34,677,21,402,104,648,155,445,16,294,43,1050,620,256,0
750,349,20,581,45,398,104,563,217,957,312,293,148,1051,529,358,0
751,1003,42,770,24,369,55,745,190,138,81,186,140,1052,711,42,1
752,368,685,982,20,306,104,957,266,819,955,240,451,1053,1254,704,1
753,279,65,62,22,238,104,65,155,820,959,52,360,1054,68,596,0
754,329,488,426,24,228,23,418,155,281,1060,338,190,1055,397,497,0
755,817,157,712,25,187,104,687,155,73,897,599,289,1056,679,810,1
756,600,552,550,33,821,70,534,155,799,439,125,704,1057,535,643,0
757,861,606,594,32,719,20,578,266,915,312,666,304,1058,554,666,0
758,749,672,10,21,810,104,19,155,325,44,3,329,1059,15,559,0
759,1014,381,1296,0,412,104,1256,267,46,135,222,436,1061,1246,666,1
760,782,4,96,28,271,104,89,11,585,741,644,949,1062,102,2,0
761,1014,622,1099,0,114,104,1069,267,969,1078,644,949,1063,1032,658,1
762,214,551,394,24,61,104,388,36,234,271,644,949,1064,376,291,0
763,369,381,298,36,868,104,294,11,321,130,92,376,1065,272,666,0
764,575,640,434,28,831,104,426,227,296,801,35,656,1066,428,741,0
765,318,19,91,24,822,104,104,159,310,882,541,910,1067,93,350,0
766,411,381,407,31,680,104,405,155,653,878,664,325,1068,378,666,0
767,441,6,1300,21,597,104,1266,155,120,95,351,824,1069,1274,5,1
768,585,656,949,39,582,37,920,155,875,187,454,540,1070,835,301,1
769,572,189,58,21,557,104,61,11,654,30,644,949,1072,64,180,0
770,484,381,496,5,439,104,465,266,706,439,448,209,1073,452,666,0
771,206,329,16,28,399,104,27,155,716,430,627,613,1074,28,3,0
772,728,570,428,32,367,104,420,147,738,530,392,516,1075,695,580,0
773,150,689,1070,38,356,90,1042,11,269,426,644,949,1076,986,711,1
774,582,81,17,34,351,104,26,141,81,118,128,716,1077,29,84,0
775,836,766,986,37,255,104,948,11,820,104,140,722,1078,932,329,1
776,695,807,652,44,248,104,629,11,34,383,101,701,1079,610,71,0
777,156,10,307,1,237,104,299,155,484,188,644,949,1080,223,12,0
778,521,381,278,9,216,104,277,105,160,439,551,979,1081,289,666,0
779,536,31,273,2,142,104,271,213,820,770,9,334,1083,252,35,0
780,807,381,607,14,136,104,589,155,878,540,190,23,1084,564,666,0
781,7,5,1056,19,117,104,1031,155,878,508,9,334,1085,983,3,1
782,717,381,637,7,109,104,615,121,768,166,668,4,1086,766,666,1
783,444,750,1024,12,103,104,993,153,449,240,69,664,1087,921,770,1
784,530,415,864,1,78,104,835,266,615,597,299,801,1088,808,421,1
785,340,669,1049,8,18,104,1025,153,587,752,57,673,1089,970,690,1
786,313,22,1205,29,16,33,1174,152,789,686,631,598,1090,1137,475,1
787,199,712,768,8,849,104,743,153,619,737,659,324,1091,707,737,1
788,452,126,452,28,846,104,439,128,254,206,471,883,1092,420,179,0
789,230,710,432,43,837,104,423,11,832,181,656,625,1094,413,154,0
790,479,381,833,3,815,104,806,155,820,915,397,52,1095,771,666,1
791,793,381,1238,27,783,104,1208,106,820,848,87,118,1096,1143,555,1
792,73,755,451,44,768,104,437,11,114,120,546,579,1097,368,2,0
793,123,619,609,2,757,104,591,155,961,138,655,318,1098,545,642,0
794,136,381,821,3,744,104,794,152,366,267,594,80,1099,761,666,1
795,257,381,1225,14,732,104,1195,155,878,564,190,23,1100,1144,666,1
796,562,695,1157,2,712,104,1127,155,248,574,536,262,1101,1068,720,1
797,26,381,574,29,708,104,557,153,252,474,47,108,1102,522,666,0
798,721,326,166,5,700,104,171,159,315,920,196,429,1103,133,318,0
799,458,732,552,43,699,17,536,11,814,260,491,240,1106,510,146,0
800,584,173,463,34,691,2,448,155,946,525,277,791,1107,939,225,0
801,464,396,81,12,685,104,80,152,525,774,644,949,1108,85,401,0
802,304,605,168,19,665,104,141,155,593,846,564,917,1109,208,624,0
803,91,215,568,5,650,64,551,160,954,200,225,446,1110,1228,207,1
804,253,381,1189,7,643,104,1157,3,166,60,594,83,1111,1100,626,1
805,1014,45,980,0,625,72,955,267,37,810,371,829,1112,945,579,1
806,376,596,186,20,609,104,186,266,664,1078,533,575,1113,145,837,0
807,366,520,1168,2,608,104,1137,155,938,879,609,292,1114,1071,526,1
808,742,3,241,23,600,104,243,95,969,1078,347,834,1115,220,1,0
809,95,592,254,16,596,104,254,75,392,847,523,251,1117,239,608,0
810,722,104,497,31,594,104,481,89,294,66,262,464,1118,465,666,0
811,317,597,698,21,589,104,669,247,816,841,508,564,1119,641,613,1
812,120,542,306,28,584,104,302,156,660,516,558,272,1120,236,580,0
813,402,510,1110,8,581,104,1080,155,332,700,577,592,1121,998,515,1
814,686,688,101,16,580,104,90,266,755,698,436,214,1122,115,710,0
815,332,423,1127,12,571,104,1095,158,848,1053,644,949,1123,201,430,1
816,622,7,1268,25,568,104,1234,152,749,637,320,187,1124,1181,6,1
817,258,265,587,5,560,104,569,149,829,1050,143,126,1125,538,242,0
818,517,381,1161,20,545,104,1131,266,586,730,552,988,1126,483,666,1
819,501,660,558,1,544,104,542,155,86,744,436,215,1128,511,681,0
820,224,144,7,10,541,104,7,156,532,472,194,747,1129,11,138,0
821,919,485,1055,23,537,104,1030,152,820,1037,563,276,1130,977,485,1
822,1014,381,1098,0,528,104,1068,126,868,1078,190,20,1131,1021,666,1
823,416,96,957,21,499,104,928,28,377,1011,212,151,1132,1155,99,1
824,951,381,105,13,498,104,116,140,792,842,190,32,1133,119,666,0
825,1014,381,1117,0,496,104,1086,267,969,378,550,62,1134,1039,625,1
826,710,381,287,4,494,104,285,153,406,939,294,46,1135,261,666,0
827,772,686,1036,6,488,104,1013,216,882,994,357,499,1136,1041,707,1
828,569,397,1209,10,486,104,1177,146,263,1041,617,608,1137,1126,402,1
829,692,139,1219,47,479,104,1187,11,353,241,153,408,1139,1118,327,1
830,601,581,361,35,473,83,361,109,223,279,439,534,1140,314,678,0
831,676,682,1027,18,467,104,996,155,302,304,352,493,1141,958,701,1
832,251,544,239,2,460,104,241,153,820,439,466,227,1142,219,550,0
833,952,381,732,2,459,104,704,10,204,563,295,955,1143,667,666,1
834,857,297,512,11,436,104,495,155,872,534,644,949,1144,464,288,0
835,1014,381,357,0,432,104,355,267,0,431,190,10,1145,287,666,0
836,147,381,1222,2,430,19,1171,153,878,540,294,43,1146,1138,666,1
837,848,388,1131,11,418,104,1099,155,861,504,590,595,1147,1048,392,1
838,401,420,477,14,405,104,459,49,837,393,535,573,1148,433,427,0
839,815,335,534,6,404,104,516,153,905,18,626,299,1150,490,331,0
840,724,736,721,3,395,104,694,153,115,456,249,779,1151,670,759,1
841,142,337,678,21,394,104,649,152,820,1059,611,605,1152,615,333,0
842,613,26,1017,13,389,104,986,155,433,409,184,426,1153,917,30,1
843,743,293,623,1,375,104,603,155,898,779,655,317,1154,574,282,0
844,339,381,1037,11,371,104,1014,155,969,540,190,23,1155,681,666,1
845,502,128,329,25,366,104,332,164,820,625,95,378,1156,627,130,0
846,122,349,971,3,365,104,941,155,900,202,633,86,1157,898,344,1
847,201,113,557,7,359,104,541,193,592,649,102,381,1158,175,116,0
848,370,588,590,6,358,104,574,266,820,1023,362,502,1159,542,600,0
849,835,395,522,1,357,104,504,155,232,222,531,257,1161,469,3,0
850,856,164,611,14,340,104,572,105,610,93,71,114,1162,558,351,0
851,645,381,215,6,332,104,209,105,179,302,296,962,1163,203,666,0
852,738,528,540,6,318,104,528,153,820,439,393,511,1164,732,534,0
853,1014,67,1278,0,315,104,1227,267,501,1078,122,382,1165,1196,666,1
854,934,652,323,10,313,104,318,155,724,950,263,465,1166,296,675,0
855,345,78,1299,1,302,104,1265,155,707,724,107,122,1167,1273,81,1
856,553,381,1006,28,298,104,977,158,960,522,449,59,1168,919,666,1
857,876,518,577,10,278,104,559,153,20,5,365,196,1169,532,666,0
858,573,626,898,2,270,104,875,155,551,621,243,457,1170,838,650,1
859,346,399,556,31,256,104,540,155,870,569,447,220,1172,536,794,0
860,647,381,1171,7,252,104,1140,146,564,134,190,31,1173,1108,666,1
861,942,64,981,9,234,104,956,231,933,1016,71,115,1174,1252,70,1
862,5,381,602,21,226,104,584,152,875,536,190,23,1175,555,666,0
863,445,489,771,1,224,104,746,155,472,254,327,487,1176,718,499,1
864,51,222,50,12,222,104,55,155,424,451,576,280,1177,58,210,0
865,331,131,63,2,219,104,66,135,450,922,667,97,1178,69,132,0
866,321,92,469,13,215,104,452,139,559,139,8,331,1179,429,94,0
867,965,799,959,23,201,104,848,152,875,536,87,117,1180,894,818,1
868,249,347,233,33,197,104,235,207,488,894,496,539,1181,251,343,0
869,1014,813,498,0,195,104,483,267,833,357,644,949,1183,453,831,0
870,905,628,970,5,179,104,940,153,840,705,292,427,1184,904,651,1
871,496,381,706,9,175,104,683,42,517,123,449,55,1185,650,423,1
872,896,407,877,11,172,104,854,133,628,410,387,850,1186,360,410,1
873,634,254,429,1,169,104,421,157,216,185,511,247,1187,403,234,0
874,262,12,1247,7,165,20,1215,155,820,736,41,354,1188,1146,13,1
875,725,381,901,4,163,104,878,266,820,439,552,980,1189,836,666,1
876,571,789,377,17,161,104,373,153,939,601,66,367,1190,332,802,0
877,644,286,294,22,156,104,290,155,820,776,484,237,1191,1218,270,0
878,503,158,667,12,145,104,640,155,969,1078,560,585,1192,607,150,0
879,769,148,55,15,143,104,59,175,687,471,566,588,1194,65,143,0
880,821,491,575,17,133,104,521,155,637,545,273,172,1195,525,594,0
881,732,74,883,11,132,104,860,266,688,115,647,306,1196,1250,79,1
882,344,316,214,13,127,104,208,153,878,509,443,219,1197,202,309,0
883,733,339,387,5,119,104,381,155,787,1078,419,525,1198,351,335,0
884,864,393,751,3,107,104,726,155,467,602,365,194,1199,688,397,1
885,977,231,938,11,95,104,910,165,899,480,482,236,1200,896,214,1
886,709,591,639,13,76,104,617,155,783,941,148,404,1201,589,607,0
887,683,270,171,8,70,104,174,153,969,1078,431,533,1202,136,251,0
888,976,785,1146,23,66,104,1118,155,283,562,189,101,1203,1105,797,1
889,847,561,673,31,57,104,644,105,310,363,166,414,1205,616,753,0
890,552,382,269,14,55,104,266,153,820,439,332,189,1206,265,383,0
891,403,89,303,9,46,104,298,153,762,248,558,273,1207,284,91,0
892,1014,39,1069,0,42,104,1041,267,969,152,665,600,1208,999,39,1
893,943,791,431,31,38,20,395,152,969,1078,654,316,1209,404,666,0
894,48,94,1086,9,37,104,1056,155,879,635,593,267,1210,1018,96,1
895,653,820,697,21,30,38,668,105,211,948,623,296,1211,640,699,1
896,595,778,1010,2,27,104,980,266,820,985,653,624,1212,948,793,1
897,107,563,256,1,20,104,221,155,506,439,160,132,1213,249,237,0
898,460,447,539,20,19,14,527,156,20,293,228,450,1214,1129,455,1
899,453,123,903,24,12,104,842,155,629,439,549,243,1217,840,125,1
900,660,283,584,11,7,104,566,155,820,892,448,210,1218,505,324,0
901,333,569,116,34,6,104,127,105,136,469,130,394,1219,95,405,0
902,810,343,826,13,5,104,799,160,414,144,316,483,1220,763,340,1
903,872,381,226,3,871,104,228,105,310,363,636,994,1221,215,666,0
904,1014,525,453,0,864,104,389,267,262,363,162,409,1222,363,629,0
905,124,713,969,5,862,104,939,155,122,807,188,328,1223,909,738,1
906,1014,512,1040,0,859,104,1017,267,475,695,182,413,1224,968,517,1
907,229,637,35,22,858,104,43,155,561,429,60,363,1225,45,718,0
908,590,149,1068,8,845,104,1040,267,969,309,497,224,1226,1000,144,1
909,46,334,227,9,841,104,229,153,953,831,305,479,1228,233,330,0
910,425,733,1143,17,832,104,1114,1,869,802,643,305,1229,1058,754,1
911,540,185,111,21,817,104,122,155,579,612,414,523,1230,122,176,0
912,719,83,1221,4,814,104,1188,266,969,722,485,557,1231,1136,86,1
913,281,786,158,5,807,104,136,153,548,58,570,279,1232,194,799,0
914,705,352,1165,27,802,2,1135,97,588,117,273,169,1233,692,347,1
915,602,360,562,26,799,0,546,145,212,584,247,777,1234,524,365,0
916,578,541,793,21,796,104,767,137,603,561,107,124,1235,0,547,0
917,375,198,1230,10,795,104,1200,155,533,560,394,201,1236,1147,191,1
918,129,698,259,16,788,104,257,209,577,594,667,90,1237,278,721,0
919,60,780,106,16,787,104,117,155,916,252,593,266,1239,146,795,0
920,674,314,1095,1,777,104,1065,155,582,740,273,170,1240,1026,307,1
921,551,381,1226,17,776,104,1196,7,156,732,634,993,1241,1167,666,1
922,765,381,419,28,771,20,413,151,310,363,399,970,1242,373,666,0
923,104,381,924,5,769,104,899,105,244,11,295,959,1243,863,666,1
924,21,99,772,12,767,104,747,153,696,883,437,217,1244,719,103,1
925,338,49,1264,13,763,104,1225,153,878,566,470,552,1245,1179,54,1
926,97,276,674,18,762,104,645,155,22,367,291,178,1246,622,260,0
927,1014,720,57,0,758,104,13,267,4,575,584,275,1247,63,743,0
928,12,35,627,21,754,104,605,157,571,577,498,71,1248,579,37,0
929,658,762,923,15,752,104,898,155,969,439,524,568,1250,862,780,1
930,1014,381,176,0,746,104,178,267,969,1078,190,1,1251,174,666,0
931,433,607,1079,12,742,104,1003,147,407,656,655,319,1252,1015,627,1
932,652,68,1003,7,740,104,974,86,671,1061,498,63,1253,918,484,1
933,605,145,685,31,730,104,656,246,310,86,365,193,1254,629,139,0
934,162,381,363,23,725,104,360,155,875,258,190,23,1255,353,591,0
935,986,261,281,10,724,104,279,153,427,274,266,167,1256,267,240,0
936,619,580,479,43,722,104,461,152,865,697,188,327,1257,437,2,0
937,212,618,312,26,705,104,305,151,876,981,633,87,1258,292,641,0
938,624,13,201,14,686,36,201,155,547,50,427,213,1259,163,15,0
939,468,464,865,14,681,104,836,153,625,691,71,114,1261,809,471,1
940,20,140,305,5,676,104,301,155,820,540,397,53,1262,232,639,0
941,768,402,4,32,663,51,4,155,554,189,644,949,1263,5,403,0
942,806,749,1243,13,660,104,1192,155,632,558,498,69,1264,1156,767,1
943,428,289,110,10,659,104,121,153,713,645,293,147,1265,121,278,0
944,915,763,276,25,654,104,274,266,692,39,443,218,1266,293,17,0
945,475,14,1001,25,647,104,972,155,820,439,449,57,1267,937,18,1
946,160,5,326,24,642,104,320,152,820,1078,449,57,1268,333,3,0
947,581,281,100,24,638,104,112,152,361,851,293,143,1269,114,264,0
948,266,486,1223,30,628,104,1189,266,730,738,657,322,1270,1116,489,1
949,522,280,636,19,627,104,613,155,878,537,186,142,1272,588,263,0
950,312,301,536,14,623,104,524,153,541,674,172,137,1273,502,304,0
951,715,726,301,5,622,104,224,155,878,536,442,870,1274,275,14,0
952,447,134,1082,22,621,104,1053,105,235,970,273,173,1275,974,134,1
953,707,558,533,14,615,104,514,153,708,758,579,281,1276,485,567,0
954,547,419,1178,32,613,104,1147,152,299,264,38,659,1277,1091,113,1
955,198,381,179,7,607,104,181,105,403,924,551,985,1278,150,655,0
956,618,431,1084,8,604,104,1055,117,807,46,47,111,1279,1017,438,1
957,10,623,412,18,603,104,393,155,878,495,550,73,1280,389,647,0
958,1014,478,1142,0,602,104,1108,267,969,486,189,96,1281,1057,476,1
959,469,137,954,13,591,104,925,153,573,398,241,160,1283,890,135,1
960,1014,680,1067,0,590,104,1039,267,757,635,498,65,1284,996,698,1
961,109,290,506,13,587,104,490,155,584,541,143,128,1285,463,279,0
962,1014,708,548,0,577,104,515,267,768,493,427,212,1286,489,729,0
963,668,182,202,35,570,104,97,153,958,91,294,44,1287,164,666,0
964,920,730,672,44,561,104,643,11,820,439,394,203,1288,621,751,0
965,1014,370,314,0,543,104,310,14,822,190,34,352,1289,795,372,0
966,117,675,446,43,540,104,1309,11,557,212,449,60,1290,417,274,1
967,558,704,28,17,527,104,36,155,222,373,383,200,1291,36,276,0
968,649,409,1227,20,513,3,1197,153,103,165,667,93,1292,1161,601,1
969,161,340,926,14,502,104,901,155,878,533,17,340,1294,833,337,1
970,816,110,1011,43,493,104,981,152,7,213,294,42,1295,946,646,1
971,563,188,734,21,487,104,706,198,838,96,123,392,1296,677,178,1
972,797,459,710,16,481,104,685,155,788,693,594,79,1297,660,467,1
973,328,363,1321,16,466,104,1288,153,969,537,654,316,1298,1291,368,1
974,621,150,606,16,465,104,588,153,969,632,135,396,1299,568,203,0
975,1014,401,802,0,458,104,713,267,518,420,619,288,1300,742,579,1
976,932,245,382,22,457,104,95,105,419,306,87,117,1301,155,224,0
977,8,275,689,29,455,66,660,155,879,35,644,949,1302,635,355,0
978,1014,777,867,0,454,104,838,126,932,521,272,466,1303,811,792,1
979,1014,728,384,0,447,104,327,24,843,192,397,51,1305,348,749,0
980,798,643,1305,18,440,104,1274,155,112,207,373,197,1306,1299,668,1
981,975,201,1273,8,434,104,1240,105,941,763,82,687,1307,1182,193,1
982,495,29,224,14,423,104,226,155,397,13,212,150,1308,211,33,0
983,112,48,635,26,420,104,612,155,820,77,294,43,1309,590,53,0
984,969,706,376,24,409,104,372,155,699,800,276,473,1310,342,820,0
985,467,375,191,30,406,104,192,148,351,879,633,88,1311,154,375,0
986,1014,53,596,0,390,104,580,267,43,322,294,39,1312,1198,59,1
987,828,180,1133,10,343,104,1101,153,870,507,40,661,1313,971,169,1
988,966,213,916,9,342,62,844,152,875,162,47,109,1314,853,233,1
989,389,573,1188,27,339,104,1156,266,14,205,373,197,1316,1107,363,1
990,523,181,350,13,323,104,350,153,596,72,46,344,1317,317,170,0
991,482,381,373,29,293,104,370,265,310,854,297,954,1318,331,666,0
992,283,775,109,26,287,104,120,155,875,583,157,411,1319,120,834,0
993,1014,369,1091,0,276,104,1061,267,673,1015,504,559,1320,969,563,1
994,54,539,624,21,261,104,1312,155,820,905,332,189,1321,575,542,1
995,107,714,1181,33,257,42,1149,152,820,783,186,142,1322,1092,739,1
996,1014,202,962,0,235,104,932,267,893,788,626,290,1323,902,253,1
997,228,508,1294,17,221,104,1263,155,836,410,310,481,1324,1243,513,1
998,659,412,1038,11,213,104,1015,266,820,487,416,211,1325,963,417,1
999,0,578,546,25,192,104,531,266,820,777,241,162,3,508,588,0
1000,455,484,745,25,170,104,720,152,89,382,396,180,4,709,361,1
1001,85,41,1043,9,128,104,1020,155,878,1078,190,23,5,997,41,1
1002,434,450,871,8,115,104,841,153,877,540,397,53,6,816,459,1
1003,11,60,544,12,110,104,518,0,589,290,667,94,7,499,66,0
1004,943,377,330,32,96,104,321,153,33,591,373,197,8,299,380,0
1005,1014,217,1016,0,93,104,950,267,775,150,644,949,9,950,294,1
1006,305,155,170,26,69,104,173,155,818,927,550,73,10,1163,649,0
1007,643,433,798,38,863,104,772,266,719,845,294,48,11,733,440,1
1008,657,125,1078,30,854,104,1050,155,310,250,482,234,12,1014,128,1
1009,466,790,521,37,848,31,503,105,310,1036,633,89,14,468,815,0
1010,427,208,834,20,803,104,807,153,969,80,448,210,15,772,632,1
1011,638,701,282,26,737,104,280,155,969,858,558,273,16,259,168,0
1012,918,300,217,23,703,104,211,95,750,936,213,440,17,790,1,0
1013,343,442,245,24,668,104,219,95,310,120,87,116,18,225,644,0
1014,298,0,947,27,635,104,918,266,706,12,644,949,19,752,0,1
1015,1014,249,1262,0,588,104,1229,267,969,191,197,732,20,1183,228,1
1016,2,3,713,23,558,104,688,95,404,1078,313,184,21,654,579,1
1017,137,102,402,25,533,104,403,155,107,10,230,158,22,371,666,0
1018,342,559,1080,35,520,104,1051,154,820,1078,491,241,23,1016,776,1
1019,849,124,912,17,444,104,887,153,739,675,160,132,25,848,19,1
1020,862,199,438,14,338,72,429,155,221,177,20,647,26,1241,688,1
1021,135,272,1204,36,337,98,1173,152,736,344,647,307,27,1122,611,1
1022,465,381,1129,16,334,104,1096,266,239,843,193,953,28,1088,666,1
1023,623,609,360,12,321,104,358,153,820,997,397,53,29,323,258,0
1024,388,511,362,27,652,73,359,157,772,481,189,100,30,335,32,0
1025,1014,547,748,0,651,104,723,267,969,1078,190,2,31,718,666,1
1026,1014,386,531,0,377,104,513,267,969,225,634,991,32,449,666,0
1027,3,115,441,31,131,104,431,20,1,302,636,932,33,410,666,0
1028,648,768,228,21,1,27,230,155,820,961,667,95,34,216,142,0
1029,1014,264,487,0,336,32,473,267,511,360,190,12,36,441,205,0
1030,254,725,53,35,0,20,58,155,875,537,190,23,37,61,666,0
1031,763,826,74,35,873,104,17,107,666,449,644,949,38,80,666,0
1032,763,826,320,47,873,104,315,63,969,1078,303,804,39,248,666,0
1033,763,826,131,47,873,35,148,26,218,232,644,949,40,105,846,0
1034,763,826,420,46,873,20,414,266,137,439,573,591,41,426,666,0
1035,763,826,921,46,873,104,845,105,756,148,644,949,42,39,399,0
1036,763,826,563,44,873,104,520,37,322,951,644,949,43,534,254,0
1037,763,826,866,37,873,104,837,105,31,72,644,949,44,810,255,1
1038,763,826,267,12,873,104,265,105,224,297,644,949,45,245,800,0
1039,763,826,992,38,873,46,964,266,522,605,644,949,47,926,723,1
1040,763,826,838,42,873,104,811,113,263,830,513,898,48,780,491,1
1041,763,826,491,20,873,104,476,140,496,926,644,949,49,471,561,0
1042,763,826,162,44,873,104,138,105,208,439,644,949,50,190,394,0
1043,763,826,503,21,873,104,487,194,480,146,644,949,51,474,56,0
1044,763,826,436,45,873,104,427,101,10,305,239,456,52,1106,666,1
1045,763,826,1275,45,873,104,1226,149,292,78,637,947,53,1184,582,1
1046,763,826,467,46,873,104,438,105,127,1078,184,424,54,651,666,0
1047,763,826,208,46,873,104,98,151,855,454,644,949,55,176,846,0
1048,763,826,1042,40,873,104,1019,51,509,415,644,949,56,91,846,1
1049,763,826,1159,45,873,104,1129,107,542,749,644,949,58,1265,846,1
1050,763,826,644,39,873,104,622,105,947,241,240,452,59,1231,666,1
1051,763,826,642,35,873,104,620,266,711,992,68,369,60,594,846,0
1052,763,826,192,45,873,104,193,29,402,54,333,822,61,159,3,0
1053,678,826,729,35,873,104,676,105,118,863,379,847,62,663,666,1
1054,632,826,29,30,873,104,37,245,910,113,644,949,63,27,350,0
1055,630,826,386,47,873,104,380,11,907,1078,198,749,64,350,524,0
1056,609,826,30,40,873,104,38,11,601,352,644,949,65,41,551,0
1057,535,826,210,42,873,104,100,266,310,439,349,496,66,184,284,0
1058,412,826,209,42,873,104,99,266,226,217,644,949,67,177,846,0
1059,303,826,1093,31,873,104,1063,4,578,873,139,721,69,1230,419,1
1060,252,826,285,45,873,104,283,266,489,79,148,405,70,1217,8,0
1061,178,826,573,21,873,104,556,105,38,479,22,649,71,500,846,0
1062,158,826,961,46,873,104,931,249,326,1078,169,738,72,903,3,1
1063,139,826,1025,42,873,104,994,266,481,1065,644,949,73,943,846,1
1064,138,826,189,45,873,104,93,11,113,411,159,402,74,1148,666,0
1065,130,826,517,48,873,104,467,105,140,439,654,314,75,467,842,0
1066,127,826,629,41,873,104,606,266,538,466,644,949,76,583,494,0
1067,121,826,397,46,873,2,390,105,624,313,644,949,77,365,726,0
1068,98,826,89,19,873,20,88,266,623,341,551,987,78,92,666,0
1069,89,826,49,47,873,104,11,163,904,211,137,397,80,957,61,0
1070,31,826,933,49,873,104,905,105,820,1078,158,723,81,875,351,1
1071,982,826,1202,36,873,104,1167,12,278,269,340,826,82,1119,846,1
1072,826,826,165,40,873,104,140,266,523,127,134,719,83,173,666,0
1073,755,826,801,38,873,20,712,105,439,90,619,295,84,736,666,1
1074,752,826,349,45,873,104,349,76,523,655,207,755,85,357,75,0
1075,736,826,915,47,873,104,890,112,102,319,409,520,86,856,666,1
1076,663,826,553,46,873,104,537,266,309,887,644,949,87,513,603,0
1077,628,826,1255,9,873,104,1194,105,109,455,427,213,88,1145,496,1
1078,538,826,475,41,873,104,457,105,231,363,644,949,89,434,666,0
1079,527,826,1126,36,873,104,1094,11,398,375,644,949,91,1046,323,1
1080,515,826,1149,17,873,104,1120,105,310,303,389,851,92,1074,666,1
1081,508,826,33,40,873,104,41,266,194,62,33,655,93,43,597,0
1082,492,826,138,24,873,104,156,105,621,99,644,949,94,197,846,0
1083,487,826,1322,45,873,46,1286,105,333,740,644,949,95,1300,712,1
1084,448,826,19,8,873,104,28,257,820,439,17,339,96,40,666,0
1085,439,826,490,44,873,104,475,23,284,453,616,607,97,470,255,0
1086,374,826,460,42,873,104,446,200,134,439,284,796,98,394,1,0
1087,363,826,137,41,873,104,155,11,580,439,58,362,99,187,580,0
1088,362,826,1089,45,873,104,1059,11,709,850,360,501,100,1020,666,1
1089,295,826,885,47,873,104,864,11,349,1078,23,346,102,834,789,1
1090,292,826,810,46,873,104,780,11,316,338,641,616,103,1195,247,1
1091,248,826,765,28,873,104,740,230,53,977,30,350,104,708,3,1
1092,223,826,187,46,873,104,189,152,614,684,80,684,105,161,356,0
1093,213,826,288,40,873,104,222,266,649,348,534,907,106,260,803,0
1094,195,826,23,48,873,104,31,266,820,318,554,915,107,35,453,0
1095,168,826,393,18,873,104,386,167,454,1001,332,188,108,336,666,0
1096,145,826,1059,42,873,104,1001,11,466,900,388,513,109,987,846,1
1097,141,826,869,43,873,104,839,150,888,175,18,645,110,815,3,1
1098,76,826,818,45,873,104,786,266,520,463,212,152,111,759,725,1
1099,43,826,1111,29,873,104,1005,263,387,1075,512,897,114,1035,3,1
1100,41,826,747,21,873,104,722,13,39,23,644,949,115,715,1,1
1101,40,826,1015,32,873,104,985,154,452,363,190,21,116,1258,666,1
1102,33,826,351,25,873,104,351,105,150,89,224,764,117,318,846,0
1103,32,826,198,41,873,104,96,208,616,678,644,949,118,157,581,0
1104,978,826,739,39,873,104,715,105,877,257,644,949,119,699,349,1
1105,970,826,1312,33,873,104,1278,105,245,281,469,550,120,1285,846,1
1106,944,826,447,33,873,104,433,1,963,686,644,949,121,385,2,0
1107,855,826,435,38,873,104,425,225,80,938,639,615,122,428,846,0
1108,854,826,139,45,873,104,157,11,820,282,479,229,123,182,284,0
1109,843,826,621,46,873,104,600,11,802,329,448,204,125,573,254,0
1110,842,826,889,17,873,104,866,266,627,439,540,577,126,831,846,1
1111,784,826,1062,45,873,104,1002,105,300,256,652,311,127,989,580,1
1112,764,826,37,12,873,104,44,105,273,38,181,420,128,60,846,0
1113,758,826,543,18,873,104,517,34,162,1012,43,356,129,497,666,0
1114,750,826,1031,19,873,7,1009,266,820,885,160,130,130,993,846,1
1115,747,826,724,42,873,104,696,60,36,567,230,157,131,674,772,1
1116,746,826,1139,20,873,104,1107,105,45,295,190,23,132,1061,846,1
1117,730,826,518,13,873,104,500,105,820,648,330,488,133,473,558,0
1118,714,826,665,37,873,104,1317,133,852,31,97,698,134,605,3,1
1119,671,826,1199,47,873,104,1165,11,301,1078,449,61,136,1114,666,1
1120,665,826,1260,19,873,104,1224,153,679,556,141,399,137,1178,846,1
1121,664,826,353,38,873,35,324,266,952,108,549,245,138,319,536,0
1122,640,826,1184,46,873,104,1152,11,121,71,644,949,139,1096,391,1
1123,637,826,1156,16,873,104,1126,155,877,1076,644,949,140,1069,3,1
1124,610,826,776,33,873,104,751,139,731,359,120,390,141,712,405,1
1125,589,826,872,20,873,104,849,153,902,804,530,572,142,828,666,1
1126,583,826,118,42,873,2,142,105,307,389,436,215,143,180,265,0
1127,580,826,1034,39,873,45,1011,105,735,571,501,893,144,1008,378,1
1128,579,826,358,45,873,104,356,4,847,1057,644,949,145,325,269,0
1129,559,826,258,42,873,104,256,110,149,599,644,949,147,304,732,0
1130,554,826,1249,46,873,104,1217,2,728,439,591,284,148,1158,666,1
1131,546,826,1051,7,873,104,1027,105,209,330,160,131,149,960,846,1
1132,524,826,501,34,873,104,485,155,778,913,642,617,150,128,452,0
1133,514,826,391,40,873,104,384,266,435,122,498,69,151,361,846,0
1134,499,826,1274,38,873,104,1241,10,298,391,649,622,152,1192,3,1
1135,489,826,812,35,873,11,790,150,890,181,190,27,153,751,623,1
1136,457,826,890,31,873,104,867,152,878,439,190,23,154,827,846,1
1137,422,826,1254,9,873,104,1221,155,260,1062,644,949,155,1166,846,1
1138,419,826,1113,6,873,104,1082,60,969,476,279,793,156,990,581,1
1139,384,826,656,25,873,34,633,153,68,249,644,949,158,1244,284,1
1140,378,826,88,46,873,104,87,11,490,235,341,827,159,90,248,0
1141,347,826,897,45,873,104,874,211,247,239,79,372,160,858,43,1
1142,319,826,1100,47,873,104,1070,240,826,184,131,717,161,1030,778,1
1143,315,826,813,43,873,104,791,266,820,296,125,704,162,776,456,1
1144,297,826,625,43,873,104,1311,11,820,195,447,221,163,576,284,1
1145,260,826,1155,32,873,104,1124,152,187,59,644,949,164,1066,817,1
1146,243,826,935,17,873,104,907,153,820,662,448,205,165,876,666,1
1147,233,826,868,35,873,75,820,266,312,388,190,34,166,814,583,1
1148,231,826,1259,44,873,104,1223,178,241,155,482,235,167,1177,118,1
1149,227,826,576,7,873,104,558,155,173,656,113,386,169,530,846,0
1150,180,826,38,15,873,104,45,153,883,759,644,949,170,13,285,0
1151,179,826,1118,11,873,104,1087,105,272,43,298,964,171,982,666,1
1152,119,826,934,17,873,104,906,155,647,272,142,715,172,495,666,1
1153,71,826,586,30,873,104,568,155,597,56,219,155,173,708,351,0
1154,64,826,1282,22,873,104,1247,155,886,532,190,25,174,1199,846,1
1155,47,826,1272,37,873,104,1239,266,820,999,383,199,175,1191,3,1
1156,28,826,15,34,873,104,24,266,536,179,509,565,176,18,702,0
1157,17,826,756,24,873,104,732,155,820,439,271,470,177,690,147,1
1158,1006,826,1119,46,873,104,1296,105,890,1068,259,462,178,1040,255,1
1159,993,826,505,31,873,104,489,152,878,1017,427,213,180,456,846,0
1160,987,826,1319,24,873,104,1285,23,651,418,312,482,181,1279,801,1
1161,981,826,68,34,873,104,71,115,270,439,65,366,182,74,846,0
1162,958,826,1215,36,873,104,1183,105,747,97,449,56,183,1132,846,1
1163,956,826,595,44,873,104,579,11,471,24,112,706,184,544,697,0
1164,912,826,333,25,873,104,335,155,310,1070,468,549,185,301,846,0
1165,902,826,1064,3,873,104,1036,153,820,439,126,385,186,991,846,1
1166,881,826,95,4,873,104,107,105,926,465,296,963,187,97,846,0
1167,880,826,410,14,873,104,392,230,967,929,422,527,188,383,451,0
1168,866,826,1018,13,873,104,987,155,66,492,365,195,189,951,846,1
1169,851,826,917,46,873,104,891,11,956,927,498,66,191,852,666,1
1170,833,826,1220,25,873,104,1170,123,738,796,594,84,192,1134,846,1
1171,780,826,454,40,873,104,440,11,432,199,451,972,193,381,666,0
1172,770,826,800,6,873,104,774,155,820,439,549,246,194,731,415,1
1173,723,826,804,38,873,104,776,11,393,283,269,468,195,697,3,1
1174,718,826,1020,40,873,104,989,155,310,343,190,23,196,952,846,1
1175,711,826,238,44,873,104,240,11,270,294,309,480,197,219,3,0
1176,704,826,909,31,873,40,885,152,574,145,160,132,198,994,846,1
1177,693,826,291,29,873,104,287,238,310,339,500,976,199,263,666,0
1178,685,826,617,29,873,104,596,155,820,957,160,132,200,557,320,0
1179,611,826,1269,10,873,104,1235,152,875,277,107,122,202,1200,846,1
1180,556,826,84,13,873,104,83,155,327,638,326,485,203,87,846,0
1181,545,826,856,47,873,104,1321,11,270,1078,94,695,204,801,406,1
1182,531,826,702,20,873,104,680,153,310,363,172,134,205,648,666,1
1183,480,826,471,41,873,104,1310,11,310,186,190,33,206,430,436,1
1184,478,826,1177,19,873,104,1145,151,172,184,397,54,207,1089,508,1
1185,461,826,1075,27,873,104,1047,95,600,753,390,515,208,1006,2,1
1186,437,826,666,10,873,104,639,155,878,631,219,155,209,606,478,0
1187,420,826,265,14,873,104,263,153,656,513,629,301,210,243,846,0
1188,417,826,499,8,873,104,482,266,820,1033,294,38,211,450,846,0
1189,414,826,8,26,873,104,8,153,780,481,273,174,213,12,457,0
1190,410,826,322,36,873,104,317,155,875,154,294,43,214,295,846,0
1191,397,826,93,39,873,104,106,155,89,110,498,69,215,172,580,0
1192,387,826,950,35,873,104,921,157,681,490,190,13,216,882,846,1
1193,373,826,605,43,873,104,587,152,820,444,550,73,217,553,846,0
1194,372,826,703,21,873,104,672,155,969,439,667,92,218,675,846,1
1195,365,826,183,36,873,104,187,11,200,980,644,949,219,149,519,0
1196,316,826,963,6,873,104,933,155,948,1078,168,737,220,905,666,1
1197,314,826,1022,42,873,104,991,155,820,371,479,230,221,954,846,1
1198,242,826,315,19,873,104,311,105,257,198,241,161,222,903,846,0
1199,235,826,213,9,873,104,207,5,167,1014,152,407,225,200,736,0
1200,234,826,87,10,873,104,86,155,878,527,118,388,226,89,846,0
1201,225,826,472,47,873,104,454,11,310,1078,473,553,227,431,772,0
1202,192,826,705,17,873,104,681,155,878,756,127,125,228,644,846,1
1203,189,826,976,6,873,104,951,117,423,116,296,961,229,916,846,1
1204,188,826,520,16,873,2,502,235,969,183,212,150,230,475,846,0
1205,167,826,790,12,873,104,764,155,878,537,449,57,231,727,846,1
1206,165,826,681,2,873,104,652,155,877,1078,190,23,232,623,666,1
1207,157,826,47,2,873,104,53,153,310,160,190,23,233,56,846,0
1208,153,826,973,8,873,104,943,155,661,441,458,225,234,1251,846,1
1209,103,826,610,38,873,30,571,152,734,36,401,517,236,549,846,0
1210,96,826,123,23,873,104,143,143,652,967,291,177,237,207,846,0
1211,84,826,1,40,873,104,1,11,820,107,172,135,238,1,2,0
1212,78,826,779,12,873,104,711,153,964,922,273,174,239,717,846,1
1213,56,826,416,1,873,104,410,155,878,568,569,587,240,392,846,0
1214,42,826,640,37,873,104,618,155,820,997,397,53,241,593,846,0
1215,34,826,272,40,873,5,270,152,193,974,313,183,242,283,22,0
1216,27,826,1151,17,873,104,1121,105,310,320,190,26,243,1065,846,1
1217,1007,826,86,24,873,104,85,155,217,385,397,53,244,20,846,0
1218,983,826,709,25,873,104,682,155,820,553,190,18,245,653,846,1
1219,972,826,400,44,873,104,1302,11,820,439,286,175,247,369,284,1
1220,960,826,328,14,873,104,331,153,820,1028,189,102,248,329,216,0
1221,938,826,645,45,873,104,623,11,270,253,87,121,249,604,752,0
1222,933,826,893,32,873,104,870,155,969,540,190,23,250,704,666,1
1223,925,826,753,23,873,104,728,155,685,643,189,103,251,689,574,1
1224,924,826,390,9,873,104,383,153,511,717,186,142,252,359,846,0
1225,897,826,998,26,873,104,949,266,633,650,189,102,253,933,231,1
1226,890,826,984,20,873,104,958,155,878,869,190,23,254,922,846,1
1227,886,826,12,17,873,104,21,155,612,916,294,37,255,19,846,0
1228,882,826,484,36,873,104,470,11,270,84,291,176,256,445,254,0
1229,878,826,45,11,873,104,51,266,677,76,373,198,258,54,761,0
1230,863,826,591,29,873,18,575,105,875,218,190,24,259,543,374,0
1231,787,826,566,14,873,104,549,155,969,439,313,182,260,517,773,0
1232,786,826,1162,25,873,104,1132,155,569,537,449,57,261,1268,846,1
1233,761,826,493,27,873,104,478,94,820,998,623,297,262,443,666,0
1234,751,826,1208,9,873,104,1169,153,878,540,190,23,263,1124,846,1
1235,720,826,1176,27,873,104,1146,155,969,499,583,594,264,1090,735,1
1236,708,826,253,28,873,104,253,155,878,971,397,53,265,238,846,0
1237,694,826,180,26,873,104,182,182,495,332,667,98,266,139,846,0
1238,684,826,820,19,873,104,1320,155,375,995,496,537,267,755,846,1
1239,675,826,1128,40,873,104,1097,11,874,243,556,582,269,1049,733,1
1240,646,826,489,41,873,104,464,142,725,818,536,260,270,442,493,0
1241,625,826,413,42,873,104,1307,13,270,327,479,231,271,390,254,1
1242,597,826,1134,4,873,104,1102,155,820,470,644,949,272,1052,846,1
1243,597,826,1148,19,873,104,1119,155,878,537,294,43,273,1063,408,1
1244,507,826,103,2,873,104,114,266,920,73,160,129,274,117,846,0
1245,506,826,482,42,873,104,400,11,270,439,192,951,275,439,666,0
1246,483,826,504,3,873,104,488,266,310,363,296,960,276,455,666,0
1247,481,826,1167,44,873,104,1110,11,19,251,454,541,277,1075,634,1
1248,454,826,1301,44,873,34,1267,11,310,958,482,232,278,1275,284,1
1249,415,826,682,23,873,104,653,149,658,439,190,14,280,624,846,1
1250,381,826,569,26,873,104,552,155,676,285,463,547,281,537,285,0
1251,361,826,515,10,873,104,498,153,88,157,498,69,282,466,846,0
1252,360,826,369,46,873,104,367,11,270,28,47,106,283,479,3,0
1253,359,826,1277,35,873,92,1243,152,969,745,397,53,284,1194,846,1
1254,311,826,424,39,873,104,1308,11,539,584,190,35,285,398,772,1
1255,310,826,321,11,873,104,316,153,594,29,107,122,286,294,846,0
1256,309,826,991,20,873,104,963,155,258,214,71,114,287,929,520,1
1257,287,826,972,5,873,104,942,155,878,537,160,132,288,901,846,1
1258,286,826,780,27,873,104,754,152,969,536,397,53,289,694,666,1
1259,285,826,1047,5,873,104,998,153,878,820,550,73,291,978,846,1
1260,284,826,1302,21,873,104,1268,123,85,439,634,0,292,1276,846,1
1261,282,826,571,19,873,104,554,155,875,500,190,23,293,520,666,0
1262,280,826,744,36,873,104,719,155,845,821,490,890,294,683,619,1
1263,200,826,379,6,873,104,375,155,705,347,550,72,295,343,846,0
1264,110,826,661,21,873,104,638,152,969,523,216,759,296,612,846,0
1265,108,826,500,17,873,104,484,155,329,19,657,321,297,125,666,0
1266,107,826,1147,25,873,104,1117,153,969,493,372,505,298,1083,827,1
1267,53,826,620,4,873,104,599,155,950,911,289,476,299,572,846,0
1268,52,826,643,1,873,104,621,108,70,286,635,939,300,585,666,0
1269,16,826,359,15,873,104,357,153,922,537,495,242,302,306,336,0
1270,15,826,156,29,873,104,168,105,310,361,295,966,303,132,666,0
1271,14,826,718,16,873,104,691,153,969,996,397,53,304,661,846,1
1272,13,826,1163,15,873,104,1133,153,820,910,449,57,305,1062,846,1
1273,968,826,1000,15,873,104,971,252,969,1078,489,239,306,936,635,1
1274,967,826,530,11,873,104,511,153,878,227,143,128,307,484,846,0
1275,917,826,1203,18,873,104,1168,155,878,501,87,117,308,491,846,1
1276,875,826,1290,24,873,104,1253,155,894,259,644,949,309,1222,516,1
1277,874,826,942,15,873,104,914,209,782,906,143,128,310,881,846,1
1278,873,826,102,24,873,104,113,155,609,921,71,113,311,116,259,0
1279,809,826,1287,9,873,104,1259,153,820,856,381,510,313,1206,846,1
1280,808,826,244,19,873,104,218,155,591,668,127,125,314,222,846,0
1281,805,826,1014,18,873,104,984,153,610,771,365,196,315,947,352,1
1282,741,826,886,14,873,104,862,155,969,1078,190,23,316,823,846,1
1283,620,826,1173,17,873,104,1142,155,633,928,189,102,317,1087,846,1
1284,505,826,592,18,873,104,576,155,729,996,550,73,318,547,846,0
1285,504,826,195,7,873,104,196,16,969,781,190,29,319,118,846,0
1286,341,826,1186,19,873,104,1154,152,547,1078,188,327,320,1097,846,1
1287,339,826,794,22,873,104,768,155,875,1078,190,23,321,728,846,1
1288,337,826,654,24,873,104,631,152,733,927,548,264,322,1230,846,1
1289,337,826,1297,35,873,104,1257,152,969,540,190,23,324,1263,846,1
1290,336,826,940,33,873,91,912,152,310,326,190,23,325,878,846,1
1291,335,826,860,14,873,104,831,153,642,1078,667,92,326,804,468,1
1292,9,826,554,19,873,104,538,155,969,537,190,23,327,501,666,0
1293,6,826,1224,25,873,104,1190,267,228,439,107,122,328,1141,846,1
1294,5,826,1029,21,873,104,1007,155,969,540,190,23,329,1262,652,1
1295,5,826,52,29,873,104,57,155,969,537,190,23,330,59,846,0
1296,4,826,1283,16,873,104,1248,267,474,0,598,599,331,1187,790,1
1297,1,826,151,35,873,104,91,155,969,539,187,631,332,451,846,0
1298,1014,826,1231,0,873,104,1201,267,969,321,190,3,333,1151,846,1
1299,1014,826,538,0,873,104,526,267,969,715,591,271,336,515,846,0
1300,1014,826,124,0,873,104,132,267,969,345,400,968,337,754,846,0
1301,1014,826,319,0,873,104,314,267,2,428,190,9,338,224,614,0
1302,1014,826,411,0,873,104,407,267,969,1022,382,495,339,388,846,0
1303,1014,826,1052,0,873,104,1028,267,500,204,184,415,340,980,804,1
1304,1014,826,345,0,873,104,345,267,969,1078,109,685,341,311,846,0
1305,1014,826,240,0,873,104,242,267,502,445,190,11,342,246,846,0
1306,1014,826,1286,0,873,104,1251,125,866,1078,190,19,343,1204,846,1
1307,1014,826,861,0,873,104,832,267,14,620,212,144,344,806,846,1
1308,1014,826,115,0,873,104,126,267,477,797,320,181,345,94,846,0
1309,1014,826,952,0,873,104,923,267,28,102,164,401,347,887,846,1
1310,1014,826,848,0,873,104,817,267,969,369,427,202,348,792,846,1
1311,1014,826,1030,0,873,104,1008,267,43,1046,190,8,349,975,846,1
1312,1014,826,920,0,873,104,896,267,15,681,294,40,350,860,846,1
1313,1014,826,1094,0,873,104,1064,267,969,436,47,99,351,1023,246,1
1314,1014,826,853,0,873,104,825,267,507,1018,28,638,352,798,20,1
1315,1014,826,907,0,873,104,883,267,767,289,190,16,353,830,846,1
1316,1014,826,1153,0,873,104,1123,267,969,1078,190,989,354,1067,666,1
1317,1014,826,1324,0,873,104,1273,267,774,42,647,303,355,1297,693,1
1318,1014,826,173,0,873,104,92,267,969,405,644,949,356,137,286,0
1319,1014,826,1198,0,873,104,1164,267,310,363,127,123,358,1111,587,1
1320,1014,826,902,0,873,50,879,9,963,1078,219,153,359,839,126,1
1321,1014,826,1196,0,873,104,1162,267,969,1007,190,7,360,1109,846,1
1322,1014,826,112,0,873,104,123,267,544,284,190,15,361,123,846,0
1323,1014,826,140,0,873,104,158,32,310,201,497,223,362,104,353,0
1324,1014,826,1132,0,873,104,1100,267,831,167,190,17,363,985,666,1
1325,1014,826,483,0,873,104,469,267,969,335,107,119,364,444,2,0
